val/rec_loss_step/epoch_0,val/aeloss_step/epoch_0,created_at,val/rec_loss_epoch,val/rec_loss,val/aeloss_epoch,val/total_loss,val/quant_loss,val/nll_loss,val/p_loss,val/d_weight,val/disc_factor,val/g_loss,val/disc_loss,val/logits_real,val/logits_fake,epoch,train/aeloss_epoch,train/total_loss_epoch,train/quant_loss_epoch,train/nll_loss_epoch,train/rec_loss_epoch,train/p_loss_epoch,train/d_weight_epoch,train/disc_factor_epoch,train/g_loss_epoch,train/discloss_epoch,train/disc_loss_epoch,train/logits_real_epoch,train/logits_fake_epoch,train/aeloss_step,train/total_loss_step,train/quant_loss_step,train/nll_loss_step,train/rec_loss_step,train/p_loss_step,train/d_weight_step,train/disc_factor_step,train/g_loss_step,train/discloss_step,train/disc_loss_step,train/logits_real_step,train/logits_fake_step,val/rec_loss_step/epoch_1,val/aeloss_step/epoch_1,val/rec_loss_step/epoch_2,val/aeloss_step/epoch_2,val/rec_loss_step/epoch_3,val/aeloss_step/epoch_3,val/rec_loss_step/epoch_4,val/aeloss_step/epoch_4,val/rec_loss_step/epoch_5,val/aeloss_step/epoch_5,val/rec_loss_step/epoch_6,val/aeloss_step/epoch_6,val/rec_loss_step/epoch_7,val/aeloss_step/epoch_7,val/rec_loss_step/epoch_8,val/aeloss_step/epoch_8,val/rec_loss_step/epoch_9,val/aeloss_step/epoch_9,val/rec_loss_step/epoch_10,val/aeloss_step/epoch_10,val/rec_loss_step/epoch_11,val/aeloss_step/epoch_11,val/rec_loss_step/epoch_12,val/aeloss_step/epoch_12,val/rec_loss_step/epoch_13,val/aeloss_step/epoch_13,val/rec_loss_step/epoch_14,val/aeloss_step/epoch_14
1.671091079711914,1.7265620231628418,2022-01-26 16:29:20.599329,,,,,,,,,,,,,,,,,,,,,,,,,,,,,,,,,,,,,,,,,,,,,,,,,,,,,,,,,,,,,,,,,,,,
1.676151990890503,1.729628086090088,2022-01-26 16:29:21.285519,,,,,,,,,,,,,,,,,,,,,,,,,,,,,,,,,,,,,,,,,,,,,,,,,,,,,,,,,,,,,,,,,,,,
1.3521195650100708,1.4902877807617188,2022-01-26 16:30:17.538304,,,,,,,,,,,,,,,,,,,,,,,,,,,,,,,,,,,,,,,,,,,,,,,,,,,,,,,,,,,,,,,,,,,,
1.3109369277954102,1.452845811843872,2022-01-26 16:30:18.171274,,,,,,,,,,,,,,,,,,,,,,,,,,,,,,,,,,,,,,,,,,,,,,,,,,,,,,,,,,,,,,,,,,,,
1.438595175743103,1.5477529764175415,2022-01-26 16:30:18.802586,,,,,,,,,,,,,,,,,,,,,,,,,,,,,,,,,,,,,,,,,,,,,,,,,,,,,,,,,,,,,,,,,,,,
1.2461034059524536,1.3947845697402954,2022-01-26 16:30:19.430558,,,,,,,,,,,,,,,,,,,,,,,,,,,,,,,,,,,,,,,,,,,,,,,,,,,,,,,,,,,,,,,,,,,,
1.6992931365966797,1.8367609977722168,2022-01-26 16:30:20.059647,,,,,,,,,,,,,,,,,,,,,,,,,,,,,,,,,,,,,,,,,,,,,,,,,,,,,,,,,,,,,,,,,,,,
1.3484687805175781,1.479736328125,2022-01-26 16:30:20.689312,,,,,,,,,,,,,,,,,,,,,,,,,,,,,,,,,,,,,,,,,,,,,,,,,,,,,,,,,,,,,,,,,,,,
1.5663989782333374,1.6868342161178589,2022-01-26 16:30:21.315562,,,,,,,,,,,,,,,,,,,,,,,,,,,,,,,,,,,,,,,,,,,,,,,,,,,,,,,,,,,,,,,,,,,,
1.3506619930267334,1.4954532384872437,2022-01-26 16:30:21.943146,,,,,,,,,,,,,,,,,,,,,,,,,,,,,,,,,,,,,,,,,,,,,,,,,,,,,,,,,,,,,,,,,,,,
1.3970861434936523,1.4914697408676147,2022-01-26 16:30:22.571398,,,,,,,,,,,,,,,,,,,,,,,,,,,,,,,,,,,,,,,,,,,,,,,,,,,,,,,,,,,,,,,,,,,,
1.5836272239685059,1.726475715637207,2022-01-26 16:30:23.198285,,,,,,,,,,,,,,,,,,,,,,,,,,,,,,,,,,,,,,,,,,,,,,,,,,,,,,,,,,,,,,,,,,,,
1.2239619493484497,1.3562071323394775,2022-01-26 16:30:23.826644,,,,,,,,,,,,,,,,,,,,,,,,,,,,,,,,,,,,,,,,,,,,,,,,,,,,,,,,,,,,,,,,,,,,
1.486249327659607,1.6196024417877197,2022-01-26 16:30:24.454120,,,,,,,,,,,,,,,,,,,,,,,,,,,,,,,,,,,,,,,,,,,,,,,,,,,,,,,,,,,,,,,,,,,,
1.6128512620925903,1.7292242050170898,2022-01-26 16:30:25.082860,,,,,,,,,,,,,,,,,,,,,,,,,,,,,,,,,,,,,,,,,,,,,,,,,,,,,,,,,,,,,,,,,,,,
1.4602850675582886,1.5921083688735962,2022-01-26 16:30:25.711134,,,,,,,,,,,,,,,,,,,,,,,,,,,,,,,,,,,,,,,,,,,,,,,,,,,,,,,,,,,,,,,,,,,,
1.2912328243255615,1.4350650310516357,2022-01-26 16:30:26.342656,,,,,,,,,,,,,,,,,,,,,,,,,,,,,,,,,,,,,,,,,,,,,,,,,,,,,,,,,,,,,,,,,,,,
1.5216857194900513,1.6735516786575317,2022-01-26 16:30:26.973961,,,,,,,,,,,,,,,,,,,,,,,,,,,,,,,,,,,,,,,,,,,,,,,,,,,,,,,,,,,,,,,,,,,,
1.4149748086929321,1.5529305934906006,2022-01-26 16:30:27.604149,,,,,,,,,,,,,,,,,,,,,,,,,,,,,,,,,,,,,,,,,,,,,,,,,,,,,,,,,,,,,,,,,,,,
1.4087029695510864,1.5622074604034424,2022-01-26 16:30:28.236836,,,,,,,,,,,,,,,,,,,,,,,,,,,,,,,,,,,,,,,,,,,,,,,,,,,,,,,,,,,,,,,,,,,,
1.3150169849395752,1.4732067584991455,2022-01-26 16:30:28.866433,,,,,,,,,,,,,,,,,,,,,,,,,,,,,,,,,,,,,,,,,,,,,,,,,,,,,,,,,,,,,,,,,,,,
1.6788214445114136,1.82191801071167,2022-01-26 16:30:29.497540,,,,,,,,,,,,,,,,,,,,,,,,,,,,,,,,,,,,,,,,,,,,,,,,,,,,,,,,,,,,,,,,,,,,
1.245650053024292,1.3653854131698608,2022-01-26 16:30:30.124279,,,,,,,,,,,,,,,,,,,,,,,,,,,,,,,,,,,,,,,,,,,,,,,,,,,,,,,,,,,,,,,,,,,,
1.2529429197311401,1.377959966659546,2022-01-26 16:30:30.753192,,,,,,,,,,,,,,,,,,,,,,,,,,,,,,,,,,,,,,,,,,,,,,,,,,,,,,,,,,,,,,,,,,,,
1.1565518379211426,1.312363624572754,2022-01-26 16:30:31.387588,,,,,,,,,,,,,,,,,,,,,,,,,,,,,,,,,,,,,,,,,,,,,,,,,,,,,,,,,,,,,,,,,,,,
1.3379201889038086,1.4893823862075806,2022-01-26 16:30:32.022342,,,,,,,,,,,,,,,,,,,,,,,,,,,,,,,,,,,,,,,,,,,,,,,,,,,,,,,,,,,,,,,,,,,,
1.5176247358322144,1.6896448135375977,2022-01-26 16:30:32.655163,,,,,,,,,,,,,,,,,,,,,,,,,,,,,,,,,,,,,,,,,,,,,,,,,,,,,,,,,,,,,,,,,,,,
,,2022-01-26 16:30:32.824279,1.4087104797363281,1.4087104797363281,1.546126365661621,1.546126365661621,0.1374158263206482,1.4087104797363281,0.6574480533599854,0.0,0.0,-0.25216418504714966,0.0,-0.6455525159835815,0.25216418504714966,0.0,,,,,,,,,,,,,,,,,,,,,,,,,,,,,,,,,,,,,,,,,,,,,,,,,,,,,,
,,2022-01-26 16:30:39.834100,,,,,,,,,,,,,,0.0,1.5928875207901,1.5928875207901,0.08645431697368622,1.5064332485198975,1.5064332485198975,0.7316188216209412,0.2564120292663574,0.0,-0.07568211853504181,0.0,0.0,0.012111322954297066,0.07650326192378998,,,,,,,,,,,,,,,,,,,,,,,,,,,,,,,,,,,,,,,,,
,,2022-01-26 16:31:34.803991,,,,,,,,,,,,,,1.0,,,,,,,,,,,,,,1.3426179885864258,1.3426179885864258,0.23484563827514648,1.1077723503112793,1.1077723503112793,0.5489024519920349,0.25073155760765076,0.0,-0.09683587402105331,0.0,0.0,0.0473119355738163,0.07809679955244064,,,,,,,,,,,,,,,,,,,,,,,,,,,,
,,2022-01-26 16:31:36.678508,,,,,,,,,,,,,,,,,,,,,,,,,,,,,,,,,,,,,,,,,1.3358898162841797,1.6022213697433472,,,,,,,,,,,,,,,,,,,,,,,,,,
,,2022-01-26 16:31:37.334265,,,,,,,,,,,,,,,,,,,,,,,,,,,,,,,,,,,,,,,,,1.254352331161499,1.5090651512145996,,,,,,,,,,,,,,,,,,,,,,,,,,
,,2022-01-26 16:31:38.011826,,,,,,,,,,,,,,,,,,,,,,,,,,,,,,,,,,,,,,,,,1.429337739944458,1.6380360126495361,,,,,,,,,,,,,,,,,,,,,,,,,,
,,2022-01-26 16:31:38.676070,,,,,,,,,,,,,,,,,,,,,,,,,,,,,,,,,,,,,,,,,1.2262380123138428,1.4938225746154785,,,,,,,,,,,,,,,,,,,,,,,,,,
,,2022-01-26 16:31:39.336259,,,,,,,,,,,,,,,,,,,,,,,,,,,,,,,,,,,,,,,,,1.6947314739227295,1.9595856666564941,,,,,,,,,,,,,,,,,,,,,,,,,,
,,2022-01-26 16:31:40.002756,,,,,,,,,,,,,,,,,,,,,,,,,,,,,,,,,,,,,,,,,1.3396186828613281,1.5721313953399658,,,,,,,,,,,,,,,,,,,,,,,,,,
,,2022-01-26 16:31:40.664216,,,,,,,,,,,,,,,,,,,,,,,,,,,,,,,,,,,,,,,,,1.5765328407287598,1.7986197471618652,,,,,,,,,,,,,,,,,,,,,,,,,,
,,2022-01-26 16:31:41.326938,,,,,,,,,,,,,,,,,,,,,,,,,,,,,,,,,,,,,,,,,1.3407262563705444,1.6019538640975952,,,,,,,,,,,,,,,,,,,,,,,,,,
,,2022-01-26 16:31:41.983873,,,,,,,,,,,,,,,,,,,,,,,,,,,,,,,,,,,,,,,,,1.4002326726913452,1.5612787008285522,,,,,,,,,,,,,,,,,,,,,,,,,,
,,2022-01-26 16:31:42.643701,,,,,,,,,,,,,,,,,,,,,,,,,,,,,,,,,,,,,,,,,1.573348045349121,1.8314695358276367,,,,,,,,,,,,,,,,,,,,,,,,,,
,,2022-01-26 16:31:43.301058,,,,,,,,,,,,,,,,,,,,,,,,,,,,,,,,,,,,,,,,,1.229615569114685,1.4707614183425903,,,,,,,,,,,,,,,,,,,,,,,,,,
,,2022-01-26 16:31:43.963626,,,,,,,,,,,,,,,,,,,,,,,,,,,,,,,,,,,,,,,,,1.459646463394165,1.7140876054763794,,,,,,,,,,,,,,,,,,,,,,,,,,
,,2022-01-26 16:31:44.621699,,,,,,,,,,,,,,,,,,,,,,,,,,,,,,,,,,,,,,,,,1.5764878988265991,1.791233777999878,,,,,,,,,,,,,,,,,,,,,,,,,,
,,2022-01-26 16:31:45.281080,,,,,,,,,,,,,,,,,,,,,,,,,,,,,,,,,,,,,,,,,1.4562957286834717,1.698009729385376,,,,,,,,,,,,,,,,,,,,,,,,,,
,,2022-01-26 16:31:45.939867,,,,,,,,,,,,,,,,,,,,,,,,,,,,,,,,,,,,,,,,,1.2648853063583374,1.53794527053833,,,,,,,,,,,,,,,,,,,,,,,,,,
,,2022-01-26 16:31:46.601089,,,,,,,,,,,,,,,,,,,,,,,,,,,,,,,,,,,,,,,,,1.5283809900283813,1.7965576648712158,,,,,,,,,,,,,,,,,,,,,,,,,,
,,2022-01-26 16:31:47.260792,,,,,,,,,,,,,,,,,,,,,,,,,,,,,,,,,,,,,,,,,1.4384812116622925,1.6902520656585693,,,,,,,,,,,,,,,,,,,,,,,,,,
,,2022-01-26 16:31:47.922270,,,,,,,,,,,,,,,,,,,,,,,,,,,,,,,,,,,,,,,,,1.365544080734253,1.6441657543182373,,,,,,,,,,,,,,,,,,,,,,,,,,
,,2022-01-26 16:31:48.580200,,,,,,,,,,,,,,,,,,,,,,,,,,,,,,,,,,,,,,,,,1.269383192062378,1.5581259727478027,,,,,,,,,,,,,,,,,,,,,,,,,,
,,2022-01-26 16:31:49.239872,,,,,,,,,,,,,,,,,,,,,,,,,,,,,,,,,,,,,,,,,1.6440553665161133,1.9018054008483887,,,,,,,,,,,,,,,,,,,,,,,,,,
,,2022-01-26 16:31:49.892630,,,,,,,,,,,,,,,,,,,,,,,,,,,,,,,,,,,,,,,,,1.2523740530014038,1.4760807752609253,,,,,,,,,,,,,,,,,,,,,,,,,,
,,2022-01-26 16:31:50.549099,,,,,,,,,,,,,,,,,,,,,,,,,,,,,,,,,,,,,,,,,1.246474027633667,1.4711858034133911,,,,,,,,,,,,,,,,,,,,,,,,,,
,,2022-01-26 16:31:51.205896,,,,,,,,,,,,,,,,,,,,,,,,,,,,,,,,,,,,,,,,,1.0876973867416382,1.3708627223968506,,,,,,,,,,,,,,,,,,,,,,,,,,
,,2022-01-26 16:31:51.870566,,,,,,,,,,,,,,,,,,,,,,,,,,,,,,,,,,,,,,,,,1.3145066499710083,1.586012840270996,,,,,,,,,,,,,,,,,,,,,,,,,,
,,2022-01-26 16:31:52.524079,,,,,,,,,,,,,,,,,,,,,,,,,,,,,,,,,,,,,,,,,1.508101463317871,1.819510817527771,,,,,,,,,,,,,,,,,,,,,,,,,,
,,2022-01-26 16:31:52.799493,1.3925175666809082,1.3925175666809082,1.6437913179397583,1.6437913179397583,0.2512737810611725,1.3925175666809082,0.6302760243415833,0.0,0.0,-1.0441277027130127,0.0,-0.8092156648635864,1.0441277027130127,1.0,,,,,,,,,,,,,,,,,,,,,,,,,,,,,,,,,,,,,,,,,,,,,,,,,,,,,,
,,2022-01-26 16:31:59.235506,,,,,,,,,,,,,,1.0,1.5544406175613403,1.5544406175613403,0.15515071153640747,1.3992899656295776,1.3992899656295776,0.6331825256347656,0.22805514931678772,0.0,-0.08160683512687683,0.0,0.0,0.01163487695157528,0.08171092718839645,,,,,,,,,,,,,,,,,,,,,,,,,,,,,,,,,,,,,,,,,
,,2022-01-26 16:32:56.672401,,,,,,,,,,,,,,,,,,,,,,,,,,,,,,,,,,,,,,,,,,,1.3108129501342773,2.1092257499694824,,,,,,,,,,,,,,,,,,,,,,,,
,,2022-01-26 16:32:57.319828,,,,,,,,,,,,,,,,,,,,,,,,,,,,,,,,,,,,,,,,,,,1.199434518814087,1.9501360654830933,,,,,,,,,,,,,,,,,,,,,,,,
,,2022-01-26 16:32:57.982848,,,,,,,,,,,,,,,,,,,,,,,,,,,,,,,,,,,,,,,,,,,1.3672127723693848,2.0939135551452637,,,,,,,,,,,,,,,,,,,,,,,,
,,2022-01-26 16:32:58.635655,,,,,,,,,,,,,,,,,,,,,,,,,,,,,,,,,,,,,,,,,,,1.164245367050171,1.9788795709609985,,,,,,,,,,,,,,,,,,,,,,,,
,,2022-01-26 16:32:59.290572,,,,,,,,,,,,,,,,,,,,,,,,,,,,,,,,,,,,,,,,,,,1.6298274993896484,2.4714276790618896,,,,,,,,,,,,,,,,,,,,,,,,
,,2022-01-26 16:32:59.949677,,,,,,,,,,,,,,,,,,,,,,,,,,,,,,,,,,,,,,,,,,,1.3006706237792969,1.998072862625122,,,,,,,,,,,,,,,,,,,,,,,,
,,2022-01-26 16:33:00.598669,,,,,,,,,,,,,,,,,,,,,,,,,,,,,,,,,,,,,,,,,,,1.528480887413025,2.2058632373809814,,,,,,,,,,,,,,,,,,,,,,,,
,,2022-01-26 16:33:01.252788,,,,,,,,,,,,,,,,,,,,,,,,,,,,,,,,,,,,,,,,,,,1.2660667896270752,1.9635119438171387,,,,,,,,,,,,,,,,,,,,,,,,
,,2022-01-26 16:33:01.904188,,,,,,,,,,,,,,,,,,,,,,,,,,,,,,,,,,,,,,,,,,,1.3213036060333252,1.9625842571258545,,,,,,,,,,,,,,,,,,,,,,,,
,,2022-01-26 16:33:02.557453,,,,,,,,,,,,,,,,,,,,,,,,,,,,,,,,,,,,,,,,,,,1.5345549583435059,2.3694095611572266,,,,,,,,,,,,,,,,,,,,,,,,
,,2022-01-26 16:33:03.209507,,,,,,,,,,,,,,,,,,,,,,,,,,,,,,,,,,,,,,,,,,,1.2296632528305054,2.0186853408813477,,,,,,,,,,,,,,,,,,,,,,,,
,,2022-01-26 16:33:03.862833,,,,,,,,,,,,,,,,,,,,,,,,,,,,,,,,,,,,,,,,,,,1.4216828346252441,2.1193013191223145,,,,,,,,,,,,,,,,,,,,,,,,
,,2022-01-26 16:33:04.512201,,,,,,,,,,,,,,,,,,,,,,,,,,,,,,,,,,,,,,,,,,,1.5509605407714844,2.271042585372925,,,,,,,,,,,,,,,,,,,,,,,,
,,2022-01-26 16:33:05.161421,,,,,,,,,,,,,,,,,,,,,,,,,,,,,,,,,,,,,,,,,,,1.4295828342437744,2.196533679962158,,,,,,,,,,,,,,,,,,,,,,,,
,,2022-01-26 16:33:05.815819,,,,,,,,,,,,,,,,,,,,,,,,,,,,,,,,,,,,,,,,,,,1.2488421201705933,2.018873929977417,,,,,,,,,,,,,,,,,,,,,,,,
,,2022-01-26 16:33:06.471892,,,,,,,,,,,,,,,,,,,,,,,,,,,,,,,,,,,,,,,,,,,1.470029354095459,2.2127346992492676,,,,,,,,,,,,,,,,,,,,,,,,
,,2022-01-26 16:33:07.126311,,,,,,,,,,,,,,,,,,,,,,,,,,,,,,,,,,,,,,,,,,,1.4314985275268555,2.2293941974639893,,,,,,,,,,,,,,,,,,,,,,,,
,,2022-01-26 16:33:07.781428,,,,,,,,,,,,,,,,,,,,,,,,,,,,,,,,,,,,,,,,,,,1.2956682443618774,2.0912890434265137,,,,,,,,,,,,,,,,,,,,,,,,
,,2022-01-26 16:33:08.434491,,,,,,,,,,,,,,,,,,,,,,,,,,,,,,,,,,,,,,,,,,,1.1597639322280884,1.9074431657791138,,,,,,,,,,,,,,,,,,,,,,,,
,,2022-01-26 16:33:09.090591,,,,,,,,,,,,,,,,,,,,,,,,,,,,,,,,,,,,,,,,,,,1.574204683303833,2.2864785194396973,,,,,,,,,,,,,,,,,,,,,,,,
,,2022-01-26 16:33:09.739351,,,,,,,,,,,,,,,,,,,,,,,,,,,,,,,,,,,,,,,,,,,1.2585594654083252,1.9660395383834839,,,,,,,,,,,,,,,,,,,,,,,,
,,2022-01-26 16:33:10.388934,,,,,,,,,,,,,,,,,,,,,,,,,,,,,,,,,,,,,,,,,,,1.203037142753601,1.8807461261749268,,,,,,,,,,,,,,,,,,,,,,,,
,,2022-01-26 16:33:11.043167,,,,,,,,,,,,,,,,,,,,,,,,,,,,,,,,,,,,,,,,,,,1.0744905471801758,1.7987263202667236,,,,,,,,,,,,,,,,,,,,,,,,
,,2022-01-26 16:33:11.701787,,,,,,,,,,,,,,,,,,,,,,,,,,,,,,,,,,,,,,,,,,,1.2307449579238892,2.0032382011413574,,,,,,,,,,,,,,,,,,,,,,,,
,,2022-01-26 16:33:12.353148,,,,,,,,,,,,,,,,,,,,,,,,,,,,,,,,,,,,,,,,,,,1.4617139101028442,2.2850747108459473,,,,,,,,,,,,,,,,,,,,,,,,
,,2022-01-26 16:33:12.619795,1.3465220928192139,1.3465220928192139,2.0955448150634766,2.0955448150634766,0.7490229606628418,1.3465220928192139,0.6058574318885803,0.0,0.0,-0.10250917077064514,0.0,-0.8378831744194031,0.10250917077064514,2.0,,,,,,,,,,,,,,,,,,,,,,,,,,,,,,,,,,,,,,,,,,,,,,,,,,,,,,
,,2022-01-26 16:33:19.146773,,,,,,,,,,,,,,2.0,2.042736291885376,2.042736291885376,0.6727893352508545,1.3699467182159424,1.3699467182159424,0.6106698513031006,0.2593640089035034,0.0,-0.06974370032548904,0.0,0.0,0.014106973074376583,0.0729731023311615,,,,,,,,,,,,,,,,,,,,,,,,,,,,,,,,,,,,,,,,,
,,2022-01-26 16:34:14.912808,,,,,,,,,,,,,,3.0,,,,,,,,,,,,,,2.3706116676330566,2.3706116676330566,1.0300157070159912,1.3405958414077759,1.3405958414077759,0.5783345699310303,0.9221073985099792,0.0,-0.0018922848394140601,0.0,0.0,-0.09686125814914703,0.028825774788856506,,,,,,,,,,,,,,,,,,,,,,,,,,,,
,,2022-01-26 16:34:16.806351,,,,,,,,,,,,,,,,,,,,,,,,,,,,,,,,,,,,,,,,,,,,,1.2638379335403442,2.770200252532959,,,,,,,,,,,,,,,,,,,,,,
,,2022-01-26 16:34:17.459279,,,,,,,,,,,,,,,,,,,,,,,,,,,,,,,,,,,,,,,,,,,,,1.1608459949493408,2.4228317737579346,,,,,,,,,,,,,,,,,,,,,,
,,2022-01-26 16:34:18.121177,,,,,,,,,,,,,,,,,,,,,,,,,,,,,,,,,,,,,,,,,,,,,1.3524627685546875,2.587559223175049,,,,,,,,,,,,,,,,,,,,,,
,,2022-01-26 16:34:18.776705,,,,,,,,,,,,,,,,,,,,,,,,,,,,,,,,,,,,,,,,,,,,,1.1429435014724731,2.320284366607666,,,,,,,,,,,,,,,,,,,,,,
,,2022-01-26 16:34:19.431023,,,,,,,,,,,,,,,,,,,,,,,,,,,,,,,,,,,,,,,,,,,,,1.5735270977020264,2.939014196395874,,,,,,,,,,,,,,,,,,,,,,
,,2022-01-26 16:34:20.093429,,,,,,,,,,,,,,,,,,,,,,,,,,,,,,,,,,,,,,,,,,,,,1.2884372472763062,1.6271787881851196,,,,,,,,,,,,,,,,,,,,,,
,,2022-01-26 16:34:20.747436,,,,,,,,,,,,,,,,,,,,,,,,,,,,,,,,,,,,,,,,,,,,,1.5146431922912598,2.696995496749878,,,,,,,,,,,,,,,,,,,,,,
,,2022-01-26 16:34:21.400195,,,,,,,,,,,,,,,,,,,,,,,,,,,,,,,,,,,,,,,,,,,,,1.2240344285964966,2.5585014820098877,,,,,,,,,,,,,,,,,,,,,,
,,2022-01-26 16:34:22.052650,,,,,,,,,,,,,,,,,,,,,,,,,,,,,,,,,,,,,,,,,,,,,1.3148771524429321,2.134911060333252,,,,,,,,,,,,,,,,,,,,,,
,,2022-01-26 16:34:22.703706,,,,,,,,,,,,,,,,,,,,,,,,,,,,,,,,,,,,,,,,,,,,,1.4955863952636719,3.397433042526245,,,,,,,,,,,,,,,,,,,,,,
,,2022-01-26 16:34:23.358119,,,,,,,,,,,,,,,,,,,,,,,,,,,,,,,,,,,,,,,,,,,,,1.2494232654571533,2.7310729026794434,,,,,,,,,,,,,,,,,,,,,,
,,2022-01-26 16:34:24.010724,,,,,,,,,,,,,,,,,,,,,,,,,,,,,,,,,,,,,,,,,,,,,1.3835359811782837,2.281874656677246,,,,,,,,,,,,,,,,,,,,,,
,,2022-01-26 16:34:24.663160,,,,,,,,,,,,,,,,,,,,,,,,,,,,,,,,,,,,,,,,,,,,,1.493873953819275,3.1264519691467285,,,,,,,,,,,,,,,,,,,,,,
,,2022-01-26 16:34:25.317894,,,,,,,,,,,,,,,,,,,,,,,,,,,,,,,,,,,,,,,,,,,,,1.4231079816818237,3.1974849700927734,,,,,,,,,,,,,,,,,,,,,,
,,2022-01-26 16:34:25.975001,,,,,,,,,,,,,,,,,,,,,,,,,,,,,,,,,,,,,,,,,,,,,1.2525675296783447,2.7858810424804688,,,,,,,,,,,,,,,,,,,,,,
,,2022-01-26 16:34:26.631347,,,,,,,,,,,,,,,,,,,,,,,,,,,,,,,,,,,,,,,,,,,,,1.4384435415267944,2.5281424522399902,,,,,,,,,,,,,,,,,,,,,,
,,2022-01-26 16:34:27.286468,,,,,,,,,,,,,,,,,,,,,,,,,,,,,,,,,,,,,,,,,,,,,1.439643383026123,2.8258814811706543,,,,,,,,,,,,,,,,,,,,,,
,,2022-01-26 16:34:27.943150,,,,,,,,,,,,,,,,,,,,,,,,,,,,,,,,,,,,,,,,,,,,,1.2461225986480713,2.23494815826416,,,,,,,,,,,,,,,,,,,,,,
,,2022-01-26 16:34:28.594341,,,,,,,,,,,,,,,,,,,,,,,,,,,,,,,,,,,,,,,,,,,,,1.1053578853607178,2.021559715270996,,,,,,,,,,,,,,,,,,,,,,
,,2022-01-26 16:34:29.248009,,,,,,,,,,,,,,,,,,,,,,,,,,,,,,,,,,,,,,,,,,,,,1.4948921203613281,2.808187961578369,,,,,,,,,,,,,,,,,,,,,,
,,2022-01-26 16:34:29.897848,,,,,,,,,,,,,,,,,,,,,,,,,,,,,,,,,,,,,,,,,,,,,1.2576686143875122,1.703266978263855,,,,,,,,,,,,,,,,,,,,,,
,,2022-01-26 16:34:30.549644,,,,,,,,,,,,,,,,,,,,,,,,,,,,,,,,,,,,,,,,,,,,,1.2002609968185425,2.2641305923461914,,,,,,,,,,,,,,,,,,,,,,
,,2022-01-26 16:34:31.207750,,,,,,,,,,,,,,,,,,,,,,,,,,,,,,,,,,,,,,,,,,,,,1.0334434509277344,2.245479106903076,,,,,,,,,,,,,,,,,,,,,,
,,2022-01-26 16:34:31.866332,,,,,,,,,,,,,,,,,,,,,,,,,,,,,,,,,,,,,,,,,,,,,1.2050079107284546,2.032132625579834,,,,,,,,,,,,,,,,,,,,,,
,,2022-01-26 16:34:32.516707,,,,,,,,,,,,,,,,,,,,,,,,,,,,,,,,,,,,,,,,,,,,,1.4408626556396484,2.7737226486206055,,,,,,,,,,,,,,,,,,,,,,
,,2022-01-26 16:34:32.795733,1.3198163509368896,1.3198163509368896,2.5206050872802734,2.5206050872802734,1.2007888555526733,1.3198163509368896,0.5916246175765991,0.0,0.0,-0.9147881865501404,0.0,-0.6324231028556824,0.9147881865501404,3.0,,,,,,,,,,,,,,,,,,,,,,,,,,,,,,,,,,,,,,,,,,,,,,,,,,,,,,
,,2022-01-26 16:34:39.315814,,,,,,,,,,,,,,3.0,2.172630786895752,2.172630786895752,0.8379096388816833,1.3347212076187134,1.3347212076187134,0.5978817343711853,0.3659021258354187,0.0,-0.039695776998996735,0.0,0.0,0.015351200476288795,0.039570655673742294,,,,,,,,,,,,,,,,,,,,,,,,,,,,,,,,,,,,,,,,,
,,2022-01-26 16:35:37.029290,,,,,,,,,,,,,,,,,,,,,,,,,,,,,,,,,,,,,,,,,,,,,,,1.21364426612854,6.806963920593262,,,,,,,,,,,,,,,,,,,,
,,2022-01-26 16:35:37.709546,,,,,,,,,,,,,,,,,,,,,,,,,,,,,,,,,,,,,,,,,,,,,,,1.1052902936935425,5.538771629333496,,,,,,,,,,,,,,,,,,,,
,,2022-01-26 16:35:38.373408,,,,,,,,,,,,,,,,,,,,,,,,,,,,,,,,,,,,,,,,,,,,,,,1.2249757051467896,6.331488609313965,,,,,,,,,,,,,,,,,,,,
,,2022-01-26 16:35:39.031889,,,,,,,,,,,,,,,,,,,,,,,,,,,,,,,,,,,,,,,,,,,,,,,1.1123136281967163,5.331434726715088,,,,,,,,,,,,,,,,,,,,
,,2022-01-26 16:35:39.689937,,,,,,,,,,,,,,,,,,,,,,,,,,,,,,,,,,,,,,,,,,,,,,,1.507038950920105,6.972224235534668,,,,,,,,,,,,,,,,,,,,
,,2022-01-26 16:35:40.352511,,,,,,,,,,,,,,,,,,,,,,,,,,,,,,,,,,,,,,,,,,,,,,,1.260231614112854,2.7396440505981445,,,,,,,,,,,,,,,,,,,,
,,2022-01-26 16:35:41.002943,,,,,,,,,,,,,,,,,,,,,,,,,,,,,,,,,,,,,,,,,,,,,,,1.4282236099243164,6.689452171325684,,,,,,,,,,,,,,,,,,,,
,,2022-01-26 16:35:41.658687,,,,,,,,,,,,,,,,,,,,,,,,,,,,,,,,,,,,,,,,,,,,,,,1.1732419729232788,6.420268535614014,,,,,,,,,,,,,,,,,,,,
,,2022-01-26 16:35:42.315178,,,,,,,,,,,,,,,,,,,,,,,,,,,,,,,,,,,,,,,,,,,,,,,1.158882975578308,4.639230251312256,,,,,,,,,,,,,,,,,,,,
,,2022-01-26 16:35:42.968217,,,,,,,,,,,,,,,,,,,,,,,,,,,,,,,,,,,,,,,,,,,,,,,1.4167042970657349,8.371148109436035,,,,,,,,,,,,,,,,,,,,
,,2022-01-26 16:35:43.623281,,,,,,,,,,,,,,,,,,,,,,,,,,,,,,,,,,,,,,,,,,,,,,,1.1821843385696411,5.843095779418945,,,,,,,,,,,,,,,,,,,,
,,2022-01-26 16:35:44.276657,,,,,,,,,,,,,,,,,,,,,,,,,,,,,,,,,,,,,,,,,,,,,,,1.362223505973816,4.849562168121338,,,,,,,,,,,,,,,,,,,,
,,2022-01-26 16:35:44.933726,,,,,,,,,,,,,,,,,,,,,,,,,,,,,,,,,,,,,,,,,,,,,,,1.4316163063049316,8.174015045166016,,,,,,,,,,,,,,,,,,,,
,,2022-01-26 16:35:45.588589,,,,,,,,,,,,,,,,,,,,,,,,,,,,,,,,,,,,,,,,,,,,,,,1.3587838411331177,8.128808975219727,,,,,,,,,,,,,,,,,,,,
,,2022-01-26 16:35:46.242745,,,,,,,,,,,,,,,,,,,,,,,,,,,,,,,,,,,,,,,,,,,,,,,1.2024728059768677,6.214972496032715,,,,,,,,,,,,,,,,,,,,
,,2022-01-26 16:35:46.902095,,,,,,,,,,,,,,,,,,,,,,,,,,,,,,,,,,,,,,,,,,,,,,,1.4468425512313843,3.7483201026916504,,,,,,,,,,,,,,,,,,,,
,,2022-01-26 16:35:47.555438,,,,,,,,,,,,,,,,,,,,,,,,,,,,,,,,,,,,,,,,,,,,,,,1.4187425374984741,6.631082534790039,,,,,,,,,,,,,,,,,,,,
,,2022-01-26 16:35:48.212965,,,,,,,,,,,,,,,,,,,,,,,,,,,,,,,,,,,,,,,,,,,,,,,1.2419503927230835,4.84500789642334,,,,,,,,,,,,,,,,,,,,
,,2022-01-26 16:35:48.871345,,,,,,,,,,,,,,,,,,,,,,,,,,,,,,,,,,,,,,,,,,,,,,,1.0520288944244385,4.508191108703613,,,,,,,,,,,,,,,,,,,,
,,2022-01-26 16:35:49.527203,,,,,,,,,,,,,,,,,,,,,,,,,,,,,,,,,,,,,,,,,,,,,,,1.4770485162734985,6.733015537261963,,,,,,,,,,,,,,,,,,,,
,,2022-01-26 16:35:50.180233,,,,,,,,,,,,,,,,,,,,,,,,,,,,,,,,,,,,,,,,,,,,,,,1.1836756467819214,3.012122631072998,,,,,,,,,,,,,,,,,,,,
,,2022-01-26 16:35:50.834301,,,,,,,,,,,,,,,,,,,,,,,,,,,,,,,,,,,,,,,,,,,,,,,1.1679962873458862,6.114379405975342,,,,,,,,,,,,,,,,,,,,
,,2022-01-26 16:35:51.491335,,,,,,,,,,,,,,,,,,,,,,,,,,,,,,,,,,,,,,,,,,,,,,,0.9801234602928162,6.293476104736328,,,,,,,,,,,,,,,,,,,,
,,2022-01-26 16:35:52.155787,,,,,,,,,,,,,,,,,,,,,,,,,,,,,,,,,,,,,,,,,,,,,,,1.1618106365203857,4.474198341369629,,,,,,,,,,,,,,,,,,,,
,,2022-01-26 16:35:52.805449,,,,,,,,,,,,,,,,,,,,,,,,,,,,,,,,,,,,,,,,,,,,,,,1.4012168645858765,6.622615337371826,,,,,,,,,,,,,,,,,,,,
,,2022-01-26 16:35:53.097753,1.2667704820632935,1.2667704820632935,5.841340065002441,5.841340065002441,4.574569225311279,1.2667704820632935,0.5833629369735718,0.0,0.0,-0.6172388195991516,0.0,-0.19203323125839233,0.6172388195991516,4.0,,,,,,,,,,,,,,,,,,,,,,,,,,,,,,,,,,,,,,,,,,,,,,,,,,,,,,
,,2022-01-26 16:35:59.570988,,,,,,,,,,,,,,4.0,4.264235019683838,4.264235019683838,2.9504032135009766,1.3138322830200195,1.3138322830200195,0.5979809165000916,0.48580509424209595,0.0,-0.03557205572724342,0.0,0.0,0.0171222947537899,0.03050192818045616,,,,,,,,,,,,,,,,,,,,,,,,,,,,,,,,,,,,,,,,,
,,2022-01-26 16:36:55.308022,,,,,,,,,,,,,,5.0,,,,,,,,,,,,,,7.628823280334473,7.628823280334473,6.675100326538086,0.9537227153778076,0.9537227153778076,0.4963086247444153,0.34011662006378174,0.0,-0.061436787247657776,0.0,0.0,0.07940000295639038,0.06557134538888931,,,,,,,,,,,,,,,,,,,,,,,,,,,,
,,2022-01-26 16:36:57.235601,,,,,,,,,,,,,,,,,,,,,,,,,,,,,,,,,,,,,,,,,,,,,,,,,1.130849003791809,12.098008155822754,,,,,,,,,,,,,,,,,,
,,2022-01-26 16:36:57.900180,,,,,,,,,,,,,,,,,,,,,,,,,,,,,,,,,,,,,,,,,,,,,,,,,1.1495587825775146,11.071927070617676,,,,,,,,,,,,,,,,,,
,,2022-01-26 16:36:58.568998,,,,,,,,,,,,,,,,,,,,,,,,,,,,,,,,,,,,,,,,,,,,,,,,,1.1094874143600464,11.480241775512695,,,,,,,,,,,,,,,,,,
,,2022-01-26 16:36:59.228257,,,,,,,,,,,,,,,,,,,,,,,,,,,,,,,,,,,,,,,,,,,,,,,,,1.1352285146713257,11.564729690551758,,,,,,,,,,,,,,,,,,
,,2022-01-26 16:36:59.890838,,,,,,,,,,,,,,,,,,,,,,,,,,,,,,,,,,,,,,,,,,,,,,,,,1.4112292528152466,12.26273250579834,,,,,,,,,,,,,,,,,,
,,2022-01-26 16:37:00.554903,,,,,,,,,,,,,,,,,,,,,,,,,,,,,,,,,,,,,,,,,,,,,,,,,1.3380146026611328,7.946485996246338,,,,,,,,,,,,,,,,,,
,,2022-01-26 16:37:01.210791,,,,,,,,,,,,,,,,,,,,,,,,,,,,,,,,,,,,,,,,,,,,,,,,,1.40350341796875,12.182103157043457,,,,,,,,,,,,,,,,,,
,,2022-01-26 16:37:01.870182,,,,,,,,,,,,,,,,,,,,,,,,,,,,,,,,,,,,,,,,,,,,,,,,,1.2306777238845825,11.954514503479004,,,,,,,,,,,,,,,,,,
,,2022-01-26 16:37:02.522971,,,,,,,,,,,,,,,,,,,,,,,,,,,,,,,,,,,,,,,,,,,,,,,,,1.131513237953186,8.03882122039795,,,,,,,,,,,,,,,,,,
,,2022-01-26 16:37:03.178354,,,,,,,,,,,,,,,,,,,,,,,,,,,,,,,,,,,,,,,,,,,,,,,,,1.2589970827102661,15.822893142700195,,,,,,,,,,,,,,,,,,
,,2022-01-26 16:37:03.833537,,,,,,,,,,,,,,,,,,,,,,,,,,,,,,,,,,,,,,,,,,,,,,,,,1.1394808292388916,13.320609092712402,,,,,,,,,,,,,,,,,,
,,2022-01-26 16:37:04.487790,,,,,,,,,,,,,,,,,,,,,,,,,,,,,,,,,,,,,,,,,,,,,,,,,1.3645169734954834,8.234881401062012,,,,,,,,,,,,,,,,,,
,,2022-01-26 16:37:05.147150,,,,,,,,,,,,,,,,,,,,,,,,,,,,,,,,,,,,,,,,,,,,,,,,,1.3112287521362305,14.893078804016113,,,,,,,,,,,,,,,,,,
,,2022-01-26 16:37:05.804423,,,,,,,,,,,,,,,,,,,,,,,,,,,,,,,,,,,,,,,,,,,,,,,,,1.3806883096694946,15.330282211303711,,,,,,,,,,,,,,,,,,
,,2022-01-26 16:37:06.461529,,,,,,,,,,,,,,,,,,,,,,,,,,,,,,,,,,,,,,,,,,,,,,,,,1.1815496683120728,15.081076622009277,,,,,,,,,,,,,,,,,,
,,2022-01-26 16:37:07.122771,,,,,,,,,,,,,,,,,,,,,,,,,,,,,,,,,,,,,,,,,,,,,,,,,1.441284418106079,11.336413383483887,,,,,,,,,,,,,,,,,,
,,2022-01-26 16:37:07.777457,,,,,,,,,,,,,,,,,,,,,,,,,,,,,,,,,,,,,,,,,,,,,,,,,1.399466872215271,12.198511123657227,,,,,,,,,,,,,,,,,,
,,2022-01-26 16:37:08.436852,,,,,,,,,,,,,,,,,,,,,,,,,,,,,,,,,,,,,,,,,,,,,,,,,1.2382971048355103,11.462763786315918,,,,,,,,,,,,,,,,,,
,,2022-01-26 16:37:09.090819,,,,,,,,,,,,,,,,,,,,,,,,,,,,,,,,,,,,,,,,,,,,,,,,,1.1479456424713135,4.268205642700195,,,,,,,,,,,,,,,,,,
,,2022-01-26 16:37:09.749994,,,,,,,,,,,,,,,,,,,,,,,,,,,,,,,,,,,,,,,,,,,,,,,,,1.4666657447814941,11.995870590209961,,,,,,,,,,,,,,,,,,
,,2022-01-26 16:37:10.402117,,,,,,,,,,,,,,,,,,,,,,,,,,,,,,,,,,,,,,,,,,,,,,,,,1.1323418617248535,8.295554161071777,,,,,,,,,,,,,,,,,,
,,2022-01-26 16:37:11.056753,,,,,,,,,,,,,,,,,,,,,,,,,,,,,,,,,,,,,,,,,,,,,,,,,1.2051655054092407,7.918636798858643,,,,,,,,,,,,,,,,,,
,,2022-01-26 16:37:11.717523,,,,,,,,,,,,,,,,,,,,,,,,,,,,,,,,,,,,,,,,,,,,,,,,,0.999688446521759,7.142655372619629,,,,,,,,,,,,,,,,,,
,,2022-01-26 16:37:12.380576,,,,,,,,,,,,,,,,,,,,,,,,,,,,,,,,,,,,,,,,,,,,,,,,,1.2426707744598389,7.979129791259766,,,,,,,,,,,,,,,,,,
,,2022-01-26 16:37:13.035058,,,,,,,,,,,,,,,,,,,,,,,,,,,,,,,,,,,,,,,,,,,,,,,,,1.4336096048355103,12.075479507446289,,,,,,,,,,,,,,,,,,
,,2022-01-26 16:37:13.348635,1.255346417427063,1.255346417427063,11.038224220275879,11.038224220275879,9.782876968383789,1.255346417427063,0.6026588678359985,0.0,0.0,-0.7706897258758545,0.0,0.022300705313682556,0.7706897258758545,5.0,,,,,,,,,,,,,,,,,,,,,,,,,,,,,,,,,,,,,,,,,,,,,,,,,,,,,,
,,2022-01-26 16:37:20.131822,,,,,,,,,,,,,,5.0,8.196447372436523,8.196447372436523,6.94127082824707,1.2551766633987427,1.2551766633987427,0.5934091210365295,0.5731225609779358,0.0,-0.029411373659968376,0.0,0.0,0.00806599110364914,0.03909915313124657,,,,,,,,,,,,,,,,,,,,,,,,,,,,,,,,,,,,,,,,,
,,2022-01-26 16:38:17.923349,,,,,,,,,,,,,,,,,,,,,,,,,,,,,,,,,,,,,,,,,,,,,,,,,,,1.0361809730529785,14.834531784057617,,,,,,,,,,,,,,,,
,,2022-01-26 16:38:18.598274,,,,,,,,,,,,,,,,,,,,,,,,,,,,,,,,,,,,,,,,,,,,,,,,,,,0.962968111038208,13.884825706481934,,,,,,,,,,,,,,,,
,,2022-01-26 16:38:19.259427,,,,,,,,,,,,,,,,,,,,,,,,,,,,,,,,,,,,,,,,,,,,,,,,,,,0.8976859450340271,14.061918258666992,,,,,,,,,,,,,,,,
,,2022-01-26 16:38:19.922402,,,,,,,,,,,,,,,,,,,,,,,,,,,,,,,,,,,,,,,,,,,,,,,,,,,1.0062869787216187,9.542195320129395,,,,,,,,,,,,,,,,
,,2022-01-26 16:38:20.578526,,,,,,,,,,,,,,,,,,,,,,,,,,,,,,,,,,,,,,,,,,,,,,,,,,,1.2677594423294067,14.749290466308594,,,,,,,,,,,,,,,,
,,2022-01-26 16:38:21.239796,,,,,,,,,,,,,,,,,,,,,,,,,,,,,,,,,,,,,,,,,,,,,,,,,,,1.1594922542572021,4.774143218994141,,,,,,,,,,,,,,,,
,,2022-01-26 16:38:21.893684,,,,,,,,,,,,,,,,,,,,,,,,,,,,,,,,,,,,,,,,,,,,,,,,,,,1.1570121049880981,14.793142318725586,,,,,,,,,,,,,,,,
,,2022-01-26 16:38:22.552246,,,,,,,,,,,,,,,,,,,,,,,,,,,,,,,,,,,,,,,,,,,,,,,,,,,1.047501802444458,14.541515350341797,,,,,,,,,,,,,,,,
,,2022-01-26 16:38:23.202560,,,,,,,,,,,,,,,,,,,,,,,,,,,,,,,,,,,,,,,,,,,,,,,,,,,0.700459897518158,9.539124488830566,,,,,,,,,,,,,,,,
,,2022-01-26 16:38:23.857954,,,,,,,,,,,,,,,,,,,,,,,,,,,,,,,,,,,,,,,,,,,,,,,,,,,1.1882010698318481,19.498472213745117,,,,,,,,,,,,,,,,
,,2022-01-26 16:38:24.514457,,,,,,,,,,,,,,,,,,,,,,,,,,,,,,,,,,,,,,,,,,,,,,,,,,,1.0358864068984985,14.277667999267578,,,,,,,,,,,,,,,,
,,2022-01-26 16:38:25.170529,,,,,,,,,,,,,,,,,,,,,,,,,,,,,,,,,,,,,,,,,,,,,,,,,,,1.2972240447998047,9.82906436920166,,,,,,,,,,,,,,,,
,,2022-01-26 16:38:25.827250,,,,,,,,,,,,,,,,,,,,,,,,,,,,,,,,,,,,,,,,,,,,,,,,,,,1.0398263931274414,18.016845703125,,,,,,,,,,,,,,,,
,,2022-01-26 16:38:26.483971,,,,,,,,,,,,,,,,,,,,,,,,,,,,,,,,,,,,,,,,,,,,,,,,,,,1.01992666721344,18.664413452148438,,,,,,,,,,,,,,,,
,,2022-01-26 16:38:27.137918,,,,,,,,,,,,,,,,,,,,,,,,,,,,,,,,,,,,,,,,,,,,,,,,,,,1.1203787326812744,12.23176383972168,,,,,,,,,,,,,,,,
,,2022-01-26 16:38:27.799054,,,,,,,,,,,,,,,,,,,,,,,,,,,,,,,,,,,,,,,,,,,,,,,,,,,1.4821199178695679,9.120347023010254,,,,,,,,,,,,,,,,
,,2022-01-26 16:38:28.460316,,,,,,,,,,,,,,,,,,,,,,,,,,,,,,,,,,,,,,,,,,,,,,,,,,,1.3654839992523193,15.006900787353516,,,,,,,,,,,,,,,,
,,2022-01-26 16:38:29.123307,,,,,,,,,,,,,,,,,,,,,,,,,,,,,,,,,,,,,,,,,,,,,,,,,,,1.2541364431381226,14.336503028869629,,,,,,,,,,,,,,,,
,,2022-01-26 16:38:29.779409,,,,,,,,,,,,,,,,,,,,,,,,,,,,,,,,,,,,,,,,,,,,,,,,,,,1.0564179420471191,14.386089324951172,,,,,,,,,,,,,,,,
,,2022-01-26 16:38:30.439048,,,,,,,,,,,,,,,,,,,,,,,,,,,,,,,,,,,,,,,,,,,,,,,,,,,1.3275716304779053,14.56091022491455,,,,,,,,,,,,,,,,
,,2022-01-26 16:38:31.089354,,,,,,,,,,,,,,,,,,,,,,,,,,,,,,,,,,,,,,,,,,,,,,,,,,,0.9503525495529175,10.084274291992188,,,,,,,,,,,,,,,,
,,2022-01-26 16:38:31.744199,,,,,,,,,,,,,,,,,,,,,,,,,,,,,,,,,,,,,,,,,,,,,,,,,,,1.1643413305282593,9.811293601989746,,,,,,,,,,,,,,,,
,,2022-01-26 16:38:32.404462,,,,,,,,,,,,,,,,,,,,,,,,,,,,,,,,,,,,,,,,,,,,,,,,,,,0.9021182656288147,14.71685791015625,,,,,,,,,,,,,,,,
,,2022-01-26 16:38:33.061696,,,,,,,,,,,,,,,,,,,,,,,,,,,,,,,,,,,,,,,,,,,,,,,,,,,1.0764045715332031,9.489408493041992,,,,,,,,,,,,,,,,
,,2022-01-26 16:38:33.719196,,,,,,,,,,,,,,,,,,,,,,,,,,,,,,,,,,,,,,,,,,,,,,,,,,,1.3214058876037598,14.95102310180664,,,,,,,,,,,,,,,,
,,2022-01-26 16:38:34.034984,1.1134858131408691,1.1134858131408691,13.188101768493652,13.188101768493652,12.074615478515625,1.1134858131408691,0.543526828289032,0.0,0.0,-0.06389501690864563,0.0,-0.05847564712166786,0.06389501690864563,6.0,,,,,,,,,,,,,,,,,,,,,,,,,,,,,,,,,,,,,,,,,,,,,,,,,,,,,,
,,2022-01-26 16:38:40.541067,,,,,,,,,,,,,,6.0,11.831647872924805,11.831647872924805,10.64406967163086,1.1875786781311035,1.1875786781311035,0.5652666687965393,0.8358107209205627,0.0,-0.07071953266859055,0.0,0.0,0.013752558268606663,0.06847908347845078,,,,,,,,,,,,,,,,,,,,,,,,,,,,,,,,,,,,,,,,,
,,2022-01-26 16:39:36.360013,,,,,,,,,,,,,,7.0,,,,,,,,,,,,,,3.9348092079162598,3.9348092079162598,2.849468946456909,1.0853403806686401,1.0853403806686401,0.5577885508537292,0.5333237051963806,0.0,-0.1302545815706253,0.0,0.0,0.015000606887042522,0.1324063092470169,,,,,,,,,,,,,,,,,,,,,,,,,,,,
,,2022-01-26 16:39:38.412930,,,,,,,,,,,,,,,,,,,,,,,,,,,,,,,,,,,,,,,,,,,,,,,,,,,,,1.1714105606079102,7.954765319824219,,,,,,,,,,,,,,
,,2022-01-26 16:39:39.071829,,,,,,,,,,,,,,,,,,,,,,,,,,,,,,,,,,,,,,,,,,,,,,,,,,,,,1.0134093761444092,8.11621379852295,,,,,,,,,,,,,,
,,2022-01-26 16:39:39.736109,,,,,,,,,,,,,,,,,,,,,,,,,,,,,,,,,,,,,,,,,,,,,,,,,,,,,0.9614157676696777,8.3150634765625,,,,,,,,,,,,,,
,,2022-01-26 16:39:40.398120,,,,,,,,,,,,,,,,,,,,,,,,,,,,,,,,,,,,,,,,,,,,,,,,,,,,,0.9985868334770203,8.076924324035645,,,,,,,,,,,,,,
,,2022-01-26 16:39:41.059209,,,,,,,,,,,,,,,,,,,,,,,,,,,,,,,,,,,,,,,,,,,,,,,,,,,,,1.31685209274292,13.076221466064453,,,,,,,,,,,,,,
,,2022-01-26 16:39:41.727776,,,,,,,,,,,,,,,,,,,,,,,,,,,,,,,,,,,,,,,,,,,,,,,,,,,,,1.1196073293685913,3.6706275939941406,,,,,,,,,,,,,,
,,2022-01-26 16:39:42.384534,,,,,,,,,,,,,,,,,,,,,,,,,,,,,,,,,,,,,,,,,,,,,,,,,,,,,1.1861004829406738,7.7467474937438965,,,,,,,,,,,,,,
,,2022-01-26 16:39:43.046595,,,,,,,,,,,,,,,,,,,,,,,,,,,,,,,,,,,,,,,,,,,,,,,,,,,,,1.1698849201202393,8.557880401611328,,,,,,,,,,,,,,
,,2022-01-26 16:39:43.702477,,,,,,,,,,,,,,,,,,,,,,,,,,,,,,,,,,,,,,,,,,,,,,,,,,,,,0.7209634780883789,8.006949424743652,,,,,,,,,,,,,,
,,2022-01-26 16:39:44.361761,,,,,,,,,,,,,,,,,,,,,,,,,,,,,,,,,,,,,,,,,,,,,,,,,,,,,1.2576794624328613,12.288537979125977,,,,,,,,,,,,,,
,,2022-01-26 16:39:45.015586,,,,,,,,,,,,,,,,,,,,,,,,,,,,,,,,,,,,,,,,,,,,,,,,,,,,,1.134493112564087,3.917066812515259,,,,,,,,,,,,,,
,,2022-01-26 16:39:45.676238,,,,,,,,,,,,,,,,,,,,,,,,,,,,,,,,,,,,,,,,,,,,,,,,,,,,,1.3425748348236084,8.204888343811035,,,,,,,,,,,,,,
,,2022-01-26 16:39:46.333069,,,,,,,,,,,,,,,,,,,,,,,,,,,,,,,,,,,,,,,,,,,,,,,,,,,,,1.1405699253082275,16.031618118286133,,,,,,,,,,,,,,
,,2022-01-26 16:39:46.990541,,,,,,,,,,,,,,,,,,,,,,,,,,,,,,,,,,,,,,,,,,,,,,,,,,,,,1.1428083181381226,12.390849113464355,,,,,,,,,,,,,,
,,2022-01-26 16:39:47.650926,,,,,,,,,,,,,,,,,,,,,,,,,,,,,,,,,,,,,,,,,,,,,,,,,,,,,1.0939364433288574,8.246400833129883,,,,,,,,,,,,,,
,,2022-01-26 16:39:48.310689,,,,,,,,,,,,,,,,,,,,,,,,,,,,,,,,,,,,,,,,,,,,,,,,,,,,,1.4745100736618042,4.254654884338379,,,,,,,,,,,,,,
,,2022-01-26 16:39:48.970961,,,,,,,,,,,,,,,,,,,,,,,,,,,,,,,,,,,,,,,,,,,,,,,,,,,,,1.3855905532836914,4.1811747550964355,,,,,,,,,,,,,,
,,2022-01-26 16:39:49.632493,,,,,,,,,,,,,,,,,,,,,,,,,,,,,,,,,,,,,,,,,,,,,,,,,,,,,1.3656895160675049,8.372931480407715,,,,,,,,,,,,,,
,,2022-01-26 16:39:50.291422,,,,,,,,,,,,,,,,,,,,,,,,,,,,,,,,,,,,,,,,,,,,,,,,,,,,,1.063767910003662,3.7418580055236816,,,,,,,,,,,,,,
,,2022-01-26 16:39:50.952254,,,,,,,,,,,,,,,,,,,,,,,,,,,,,,,,,,,,,,,,,,,,,,,,,,,,,1.360759973526001,13.042472839355469,,,,,,,,,,,,,,
,,2022-01-26 16:39:51.603937,,,,,,,,,,,,,,,,,,,,,,,,,,,,,,,,,,,,,,,,,,,,,,,,,,,,,0.9682573080062866,3.879666805267334,,,,,,,,,,,,,,
,,2022-01-26 16:39:52.258683,,,,,,,,,,,,,,,,,,,,,,,,,,,,,,,,,,,,,,,,,,,,,,,,,,,,,1.1840879917144775,7.3713226318359375,,,,,,,,,,,,,,
,,2022-01-26 16:39:52.920176,,,,,,,,,,,,,,,,,,,,,,,,,,,,,,,,,,,,,,,,,,,,,,,,,,,,,0.9832559823989868,3.926708221435547,,,,,,,,,,,,,,
,,2022-01-26 16:39:53.580799,,,,,,,,,,,,,,,,,,,,,,,,,,,,,,,,,,,,,,,,,,,,,,,,,,,,,1.0264649391174316,4.075495719909668,,,,,,,,,,,,,,
,,2022-01-26 16:39:54.234190,,,,,,,,,,,,,,,,,,,,,,,,,,,,,,,,,,,,,,,,,,,,,,,,,,,,,1.3591113090515137,8.720500946044922,,,,,,,,,,,,,,
,,2022-01-26 16:39:54.518564,1.1576714515686035,1.1576714515686035,7.846701622009277,7.846701622009277,6.689030170440674,1.1576714515686035,0.5347374677658081,0.0,0.0,0.40872931480407715,0.0,0.14308737218379974,-0.40872931480407715,7.0,,,,,,,,,,,,,,,,,,,,,,,,,,,,,,,,,,,,,,,,,,,,,,,,,,,,,,
,,2022-01-26 16:40:01.054779,,,,,,,,,,,,,,7.0,8.316768646240234,8.316768646240234,7.102450370788574,1.2143179178237915,1.2143179178237915,0.5666910409927368,1.0119142532348633,0.0,-0.08011815696954727,0.0,0.0,0.014943549409508705,0.0820060446858406,,,,,,,,,,,,,,,,,,,,,,,,,,,,,,,,,,,,,,,,,
,,2022-01-26 16:40:58.701122,,,,,,,,,,,,,,,,,,,,,,,,,,,,,,,,,,,,,,,,,,,,,,,,,,,,,,,1.293807029724121,6.7017621994018555,,,,,,,,,,,,
,,2022-01-26 16:40:59.360217,,,,,,,,,,,,,,,,,,,,,,,,,,,,,,,,,,,,,,,,,,,,,,,,,,,,,,,1.3529179096221924,6.36726188659668,,,,,,,,,,,,
,,2022-01-26 16:41:00.025981,,,,,,,,,,,,,,,,,,,,,,,,,,,,,,,,,,,,,,,,,,,,,,,,,,,,,,,1.0725916624069214,6.8006134033203125,,,,,,,,,,,,
,,2022-01-26 16:41:00.687877,,,,,,,,,,,,,,,,,,,,,,,,,,,,,,,,,,,,,,,,,,,,,,,,,,,,,,,1.1368669271469116,6.641994953155518,,,,,,,,,,,,
,,2022-01-26 16:41:01.343645,,,,,,,,,,,,,,,,,,,,,,,,,,,,,,,,,,,,,,,,,,,,,,,,,,,,,,,0.9619381427764893,8.490364074707031,,,,,,,,,,,,
,,2022-01-26 16:41:02.007259,,,,,,,,,,,,,,,,,,,,,,,,,,,,,,,,,,,,,,,,,,,,,,,,,,,,,,,1.190484881401062,4.188601970672607,,,,,,,,,,,,
,,2022-01-26 16:41:02.660124,,,,,,,,,,,,,,,,,,,,,,,,,,,,,,,,,,,,,,,,,,,,,,,,,,,,,,,1.275551676750183,4.42361307144165,,,,,,,,,,,,
,,2022-01-26 16:41:03.317669,,,,,,,,,,,,,,,,,,,,,,,,,,,,,,,,,,,,,,,,,,,,,,,,,,,,,,,1.2611585855484009,6.240346908569336,,,,,,,,,,,,
,,2022-01-26 16:41:03.972823,,,,,,,,,,,,,,,,,,,,,,,,,,,,,,,,,,,,,,,,,,,,,,,,,,,,,,,0.7268663644790649,6.323813438415527,,,,,,,,,,,,
,,2022-01-26 16:41:04.627297,,,,,,,,,,,,,,,,,,,,,,,,,,,,,,,,,,,,,,,,,,,,,,,,,,,,,,,1.2312935590744019,5.99538516998291,,,,,,,,,,,,
,,2022-01-26 16:41:05.283672,,,,,,,,,,,,,,,,,,,,,,,,,,,,,,,,,,,,,,,,,,,,,,,,,,,,,,,1.2177411317825317,4.526857852935791,,,,,,,,,,,,
,,2022-01-26 16:41:05.943563,,,,,,,,,,,,,,,,,,,,,,,,,,,,,,,,,,,,,,,,,,,,,,,,,,,,,,,1.6037946939468384,4.466019153594971,,,,,,,,,,,,
,,2022-01-26 16:41:06.598224,,,,,,,,,,,,,,,,,,,,,,,,,,,,,,,,,,,,,,,,,,,,,,,,,,,,,,,1.0723791122436523,10.48909854888916,,,,,,,,,,,,
,,2022-01-26 16:41:07.256311,,,,,,,,,,,,,,,,,,,,,,,,,,,,,,,,,,,,,,,,,,,,,,,,,,,,,,,1.20046067237854,5.884331703186035,,,,,,,,,,,,
,,2022-01-26 16:41:07.913937,,,,,,,,,,,,,,,,,,,,,,,,,,,,,,,,,,,,,,,,,,,,,,,,,,,,,,,1.2349854707717896,6.577761650085449,,,,,,,,,,,,
,,2022-01-26 16:41:08.573204,,,,,,,,,,,,,,,,,,,,,,,,,,,,,,,,,,,,,,,,,,,,,,,,,,,,,,,1.6117647886276245,4.661367893218994,,,,,,,,,,,,
,,2022-01-26 16:41:09.232635,,,,,,,,,,,,,,,,,,,,,,,,,,,,,,,,,,,,,,,,,,,,,,,,,,,,,,,1.4216095209121704,4.4158525466918945,,,,,,,,,,,,
,,2022-01-26 16:41:09.890570,,,,,,,,,,,,,,,,,,,,,,,,,,,,,,,,,,,,,,,,,,,,,,,,,,,,,,,1.4705520868301392,6.30503511428833,,,,,,,,,,,,
,,2022-01-26 16:41:10.549510,,,,,,,,,,,,,,,,,,,,,,,,,,,,,,,,,,,,,,,,,,,,,,,,,,,,,,,1.5168592929840088,4.621758460998535,,,,,,,,,,,,
,,2022-01-26 16:41:11.205880,,,,,,,,,,,,,,,,,,,,,,,,,,,,,,,,,,,,,,,,,,,,,,,,,,,,,,,1.2167247533798218,8.155982971191406,,,,,,,,,,,,
,,2022-01-26 16:41:11.860582,,,,,,,,,,,,,,,,,,,,,,,,,,,,,,,,,,,,,,,,,,,,,,,,,,,,,,,1.1198110580444336,4.391754150390625,,,,,,,,,,,,
,,2022-01-26 16:41:12.517260,,,,,,,,,,,,,,,,,,,,,,,,,,,,,,,,,,,,,,,,,,,,,,,,,,,,,,,1.4246289730072021,4.344511032104492,,,,,,,,,,,,
,,2022-01-26 16:41:13.174500,,,,,,,,,,,,,,,,,,,,,,,,,,,,,,,,,,,,,,,,,,,,,,,,,,,,,,,1.390028715133667,4.2987446784973145,,,,,,,,,,,,
,,2022-01-26 16:41:13.838842,,,,,,,,,,,,,,,,,,,,,,,,,,,,,,,,,,,,,,,,,,,,,,,,,,,,,,,1.2603040933609009,6.111843585968018,,,,,,,,,,,,
,,2022-01-26 16:41:14.492636,,,,,,,,,,,,,,,,,,,,,,,,,,,,,,,,,,,,,,,,,,,,,,,,,,,,,,,1.2659493684768677,6.377748012542725,,,,,,,,,,,,
,,2022-01-26 16:41:14.783855,1.2612427473068237,1.2612427473068237,5.9120965003967285,5.9120965003967285,4.650854587554932,1.2612427473068237,0.5995154976844788,0.0,0.0,0.9756269454956055,0.0,0.5073477029800415,-0.9756269454956055,8.0,,,,,,,,,,,,,,,,,,,,,,,,,,,,,,,,,,,,,,,,,,,,,,,,,,,,,,
,,2022-01-26 16:41:21.345326,,,,,,,,,,,,,,8.0,8.40274429321289,8.40274429321289,7.2939910888671875,1.1087530851364136,1.1087530851364136,0.5374936461448669,1.0216460227966309,0.0,-0.07439670711755753,0.0,0.0,0.023149490356445312,0.08071670681238174,,,,,,,,,,,,,,,,,,,,,,,,,,,,,,,,,,,,,,,,,
,,2022-01-26 16:42:17.074365,,,,,,,,,,,,,,9.0,,,,,,,,,,,,,,6.383660316467285,6.383660316467285,5.387775421142578,0.9958847761154175,0.9958847761154175,0.5009644627571106,2.197267770767212,0.0,-0.07138752937316895,0.0,0.0,-0.004397564567625523,0.07339172810316086,,,,,,,,,,,,,,,,,,,,,,,,,,,,
,,2022-01-26 16:42:19.105396,,,,,,,,,,,,,,,,,,,,,,,,,,,,,,,,,,,,,,,,,,,,,,,,,,,,,,,,,1.0618890523910522,7.007413864135742,,,,,,,,,,
,,2022-01-26 16:42:19.783856,,,,,,,,,,,,,,,,,,,,,,,,,,,,,,,,,,,,,,,,,,,,,,,,,,,,,,,,,0.8493464589118958,6.625687122344971,,,,,,,,,,
,,2022-01-26 16:42:20.449185,,,,,,,,,,,,,,,,,,,,,,,,,,,,,,,,,,,,,,,,,,,,,,,,,,,,,,,,,0.8848040103912354,7.010194778442383,,,,,,,,,,
,,2022-01-26 16:42:21.109284,,,,,,,,,,,,,,,,,,,,,,,,,,,,,,,,,,,,,,,,,,,,,,,,,,,,,,,,,0.9409478902816772,6.762194633483887,,,,,,,,,,
,,2022-01-26 16:42:21.766116,,,,,,,,,,,,,,,,,,,,,,,,,,,,,,,,,,,,,,,,,,,,,,,,,,,,,,,,,1.0697203874588013,10.301689147949219,,,,,,,,,,
,,2022-01-26 16:42:22.433896,,,,,,,,,,,,,,,,,,,,,,,,,,,,,,,,,,,,,,,,,,,,,,,,,,,,,,,,,1.0225059986114502,3.508795976638794,,,,,,,,,,
,,2022-01-26 16:42:23.089927,,,,,,,,,,,,,,,,,,,,,,,,,,,,,,,,,,,,,,,,,,,,,,,,,,,,,,,,,1.1205165386199951,6.404934883117676,,,,,,,,,,
,,2022-01-26 16:42:23.750176,,,,,,,,,,,,,,,,,,,,,,,,,,,,,,,,,,,,,,,,,,,,,,,,,,,,,,,,,1.0606828927993774,7.246590614318848,,,,,,,,,,
,,2022-01-26 16:42:24.404757,,,,,,,,,,,,,,,,,,,,,,,,,,,,,,,,,,,,,,,,,,,,,,,,,,,,,,,,,0.6838436126708984,6.861788749694824,,,,,,,,,,
,,2022-01-26 16:42:25.064361,,,,,,,,,,,,,,,,,,,,,,,,,,,,,,,,,,,,,,,,,,,,,,,,,,,,,,,,,1.0972412824630737,10.507827758789062,,,,,,,,,,
,,2022-01-26 16:42:25.720635,,,,,,,,,,,,,,,,,,,,,,,,,,,,,,,,,,,,,,,,,,,,,,,,,,,,,,,,,1.0210932493209839,3.780702590942383,,,,,,,,,,
,,2022-01-26 16:42:26.373790,,,,,,,,,,,,,,,,,,,,,,,,,,,,,,,,,,,,,,,,,,,,,,,,,,,,,,,,,1.1897037029266357,5.758570671081543,,,,,,,,,,
,,2022-01-26 16:42:27.029243,,,,,,,,,,,,,,,,,,,,,,,,,,,,,,,,,,,,,,,,,,,,,,,,,,,,,,,,,0.8208735585212708,11.588332176208496,,,,,,,,,,
,,2022-01-26 16:42:27.689852,,,,,,,,,,,,,,,,,,,,,,,,,,,,,,,,,,,,,,,,,,,,,,,,,,,,,,,,,1.016674518585205,9.634651184082031,,,,,,,,,,
,,2022-01-26 16:42:28.346265,,,,,,,,,,,,,,,,,,,,,,,,,,,,,,,,,,,,,,,,,,,,,,,,,,,,,,,,,1.0777827501296997,6.790302276611328,,,,,,,,,,
,,2022-01-26 16:42:29.011410,,,,,,,,,,,,,,,,,,,,,,,,,,,,,,,,,,,,,,,,,,,,,,,,,,,,,,,,,1.4121308326721191,3.988025188446045,,,,,,,,,,
,,2022-01-26 16:42:29.669660,,,,,,,,,,,,,,,,,,,,,,,,,,,,,,,,,,,,,,,,,,,,,,,,,,,,,,,,,1.2852582931518555,3.721043109893799,,,,,,,,,,
,,2022-01-26 16:42:30.331875,,,,,,,,,,,,,,,,,,,,,,,,,,,,,,,,,,,,,,,,,,,,,,,,,,,,,,,,,1.257417917251587,7.179234504699707,,,,,,,,,,
,,2022-01-26 16:42:30.992877,,,,,,,,,,,,,,,,,,,,,,,,,,,,,,,,,,,,,,,,,,,,,,,,,,,,,,,,,0.9033244252204895,3.3681881427764893,,,,,,,,,,
,,2022-01-26 16:42:31.651903,,,,,,,,,,,,,,,,,,,,,,,,,,,,,,,,,,,,,,,,,,,,,,,,,,,,,,,,,1.0997556447982788,10.246817588806152,,,,,,,,,,
,,2022-01-26 16:42:32.308403,,,,,,,,,,,,,,,,,,,,,,,,,,,,,,,,,,,,,,,,,,,,,,,,,,,,,,,,,0.9477593302726746,3.7772440910339355,,,,,,,,,,
,,2022-01-26 16:42:32.964322,,,,,,,,,,,,,,,,,,,,,,,,,,,,,,,,,,,,,,,,,,,,,,,,,,,,,,,,,1.1392337083816528,5.759220123291016,,,,,,,,,,
,,2022-01-26 16:42:33.625150,,,,,,,,,,,,,,,,,,,,,,,,,,,,,,,,,,,,,,,,,,,,,,,,,,,,,,,,,0.8513408899307251,3.3445167541503906,,,,,,,,,,
,,2022-01-26 16:42:34.289810,,,,,,,,,,,,,,,,,,,,,,,,,,,,,,,,,,,,,,,,,,,,,,,,,,,,,,,,,0.8695734739303589,5.868377685546875,,,,,,,,,,
,,2022-01-26 16:42:34.947132,,,,,,,,,,,,,,,,,,,,,,,,,,,,,,,,,,,,,,,,,,,,,,,,,,,,,,,,,1.148792028427124,6.9603681564331055,,,,,,,,,,
,,2022-01-26 16:42:35.208016,1.033288598060608,1.033288598060608,6.560108184814453,6.560108184814453,5.526820182800293,1.033288598060608,0.5132068991661072,0.0,0.0,0.39680156111717224,0.0,0.02539665997028351,-0.39680156111717224,9.0,,,,,,,,,,,,,,,,,,,,,,,,,,,,,,,,,,,,,,,,,,,,,,,,,,,,,,
,,2022-01-26 16:42:41.790196,,,,,,,,,,,,,,9.0,5.315813064575195,5.315813064575195,4.19206428527832,1.1237491369247437,1.1237491369247437,0.5440793633460999,1.2001938819885254,0.0,-0.07235604524612427,0.0,0.0,0.017415912821888924,0.09234844148159027,,,,,,,,,,,,,,,,,,,,,,,,,,,,,,,,,,,,,,,,,
,,2022-01-26 16:43:39.468326,,,,,,,,,,,,,,,,,,,,,,,,,,,,,,,,,,,,,,,,,,,,,,,,,,,,,,,,,,,0.9347699284553528,6.655148983001709,,,,,,,,
,,2022-01-26 16:43:40.125359,,,,,,,,,,,,,,,,,,,,,,,,,,,,,,,,,,,,,,,,,,,,,,,,,,,,,,,,,,,0.8982504606246948,6.200718402862549,,,,,,,,
,,2022-01-26 16:43:40.792956,,,,,,,,,,,,,,,,,,,,,,,,,,,,,,,,,,,,,,,,,,,,,,,,,,,,,,,,,,,0.8101994395256042,5.648083686828613,,,,,,,,
,,2022-01-26 16:43:41.459610,,,,,,,,,,,,,,,,,,,,,,,,,,,,,,,,,,,,,,,,,,,,,,,,,,,,,,,,,,,1.0180529356002808,4.000415325164795,,,,,,,,
,,2022-01-26 16:43:42.117719,,,,,,,,,,,,,,,,,,,,,,,,,,,,,,,,,,,,,,,,,,,,,,,,,,,,,,,,,,,0.9975179433822632,5.6039042472839355,,,,,,,,
,,2022-01-26 16:43:42.782431,,,,,,,,,,,,,,,,,,,,,,,,,,,,,,,,,,,,,,,,,,,,,,,,,,,,,,,,,,,1.1086854934692383,2.400745153427124,,,,,,,,
,,2022-01-26 16:43:43.439992,,,,,,,,,,,,,,,,,,,,,,,,,,,,,,,,,,,,,,,,,,,,,,,,,,,,,,,,,,,1.0785019397735596,5.943260192871094,,,,,,,,
,,2022-01-26 16:43:44.094443,,,,,,,,,,,,,,,,,,,,,,,,,,,,,,,,,,,,,,,,,,,,,,,,,,,,,,,,,,,0.9407984018325806,5.917473793029785,,,,,,,,
,,2022-01-26 16:43:44.754792,,,,,,,,,,,,,,,,,,,,,,,,,,,,,,,,,,,,,,,,,,,,,,,,,,,,,,,,,,,0.6009537577629089,3.810351848602295,,,,,,,,
,,2022-01-26 16:43:45.409974,,,,,,,,,,,,,,,,,,,,,,,,,,,,,,,,,,,,,,,,,,,,,,,,,,,,,,,,,,,1.1117738485336304,6.766141891479492,,,,,,,,
,,2022-01-26 16:43:46.069805,,,,,,,,,,,,,,,,,,,,,,,,,,,,,,,,,,,,,,,,,,,,,,,,,,,,,,,,,,,1.0568370819091797,5.421301364898682,,,,,,,,
,,2022-01-26 16:43:46.729615,,,,,,,,,,,,,,,,,,,,,,,,,,,,,,,,,,,,,,,,,,,,,,,,,,,,,,,,,,,1.213082194328308,4.481877326965332,,,,,,,,
,,2022-01-26 16:43:47.387862,,,,,,,,,,,,,,,,,,,,,,,,,,,,,,,,,,,,,,,,,,,,,,,,,,,,,,,,,,,0.765644371509552,7.250424385070801,,,,,,,,
,,2022-01-26 16:43:48.044786,,,,,,,,,,,,,,,,,,,,,,,,,,,,,,,,,,,,,,,,,,,,,,,,,,,,,,,,,,,0.8955668807029724,8.449548721313477,,,,,,,,
,,2022-01-26 16:43:48.705004,,,,,,,,,,,,,,,,,,,,,,,,,,,,,,,,,,,,,,,,,,,,,,,,,,,,,,,,,,,1.1783689260482788,4.843545436859131,,,,,,,,
,,2022-01-26 16:43:49.365862,,,,,,,,,,,,,,,,,,,,,,,,,,,,,,,,,,,,,,,,,,,,,,,,,,,,,,,,,,,1.4356894493103027,3.3844714164733887,,,,,,,,
,,2022-01-26 16:43:50.028087,,,,,,,,,,,,,,,,,,,,,,,,,,,,,,,,,,,,,,,,,,,,,,,,,,,,,,,,,,,1.3722490072250366,4.856911659240723,,,,,,,,
,,2022-01-26 16:43:50.690784,,,,,,,,,,,,,,,,,,,,,,,,,,,,,,,,,,,,,,,,,,,,,,,,,,,,,,,,,,,1.2376850843429565,6.1442084312438965,,,,,,,,
,,2022-01-26 16:43:51.350152,,,,,,,,,,,,,,,,,,,,,,,,,,,,,,,,,,,,,,,,,,,,,,,,,,,,,,,,,,,1.0029287338256836,5.868774890899658,,,,,,,,
,,2022-01-26 16:43:52.013880,,,,,,,,,,,,,,,,,,,,,,,,,,,,,,,,,,,,,,,,,,,,,,,,,,,,,,,,,,,1.0486035346984863,5.817636966705322,,,,,,,,
,,2022-01-26 16:43:52.669176,,,,,,,,,,,,,,,,,,,,,,,,,,,,,,,,,,,,,,,,,,,,,,,,,,,,,,,,,,,0.9575150012969971,4.500874996185303,,,,,,,,
,,2022-01-26 16:43:53.328535,,,,,,,,,,,,,,,,,,,,,,,,,,,,,,,,,,,,,,,,,,,,,,,,,,,,,,,,,,,1.0459281206130981,4.72761869430542,,,,,,,,
,,2022-01-26 16:43:53.989182,,,,,,,,,,,,,,,,,,,,,,,,,,,,,,,,,,,,,,,,,,,,,,,,,,,,,,,,,,,0.8829295039176941,7.08200216293335,,,,,,,,
,,2022-01-26 16:43:54.651448,,,,,,,,,,,,,,,,,,,,,,,,,,,,,,,,,,,,,,,,,,,,,,,,,,,,,,,,,,,0.9067890644073486,4.131683349609375,,,,,,,,
,,2022-01-26 16:43:55.310318,,,,,,,,,,,,,,,,,,,,,,,,,,,,,,,,,,,,,,,,,,,,,,,,,,,,,,,,,,,1.2018835544586182,5.463228225708008,,,,,,,,
,,2022-01-26 16:43:55.593322,1.028048038482666,1.028048038482666,5.414813995361328,5.414813995361328,4.386765956878662,1.028048038482666,0.5058144927024841,0.0,0.0,-0.17949989438056946,0.0,0.046326644718647,0.17949989438056946,10.0,,,,,,,,,,,,,,,,,,,,,,,,,,,,,,,,,,,,,,,,,,,,,,,,,,,,,,
,,2022-01-26 16:44:02.186105,,,,,,,,,,,,,,10.0,5.381058216094971,5.381058216094971,4.303781986236572,1.0772762298583984,1.0772762298583984,0.5284581184387207,1.1378175020217896,0.0,-0.07836002111434937,0.0,0.0,0.022587623447179794,0.056061554700136185,,,,,,,,,,,,,,,,,,,,,,,,,,,,,,,,,,,,,,,,,
,,2022-01-26 16:44:57.885730,,,,,,,,,,,,,,11.0,,,,,,,,,,,,,,1.9713516235351562,1.9713516235351562,0.9642597436904907,1.0070918798446655,1.0070918798446655,0.47482308745384216,0.6456884741783142,0.0,-0.060466546565294266,0.0,0.0,0.00814508181065321,0.05498533695936203,,,,,,,,,,,,,,,,,,,,,,,,,,,,
,,2022-01-26 16:44:59.903524,,,,,,,,,,,,,,,,,,,,,,,,,,,,,,,,,,,,,,,,,,,,,,,,,,,,,,,,,,,,,0.9323226809501648,3.9307363033294678,,,,,,
,,2022-01-26 16:45:00.575157,,,,,,,,,,,,,,,,,,,,,,,,,,,,,,,,,,,,,,,,,,,,,,,,,,,,,,,,,,,,,0.8005782961845398,3.9564764499664307,,,,,,
,,2022-01-26 16:45:01.247097,,,,,,,,,,,,,,,,,,,,,,,,,,,,,,,,,,,,,,,,,,,,,,,,,,,,,,,,,,,,,0.8169103860855103,3.4407095909118652,,,,,,
,,2022-01-26 16:45:01.912440,,,,,,,,,,,,,,,,,,,,,,,,,,,,,,,,,,,,,,,,,,,,,,,,,,,,,,,,,,,,,0.9278202652931213,2.64829158782959,,,,,,
,,2022-01-26 16:45:02.575468,,,,,,,,,,,,,,,,,,,,,,,,,,,,,,,,,,,,,,,,,,,,,,,,,,,,,,,,,,,,,1.0182790756225586,3.4492509365081787,,,,,,
,,2022-01-26 16:45:03.238122,,,,,,,,,,,,,,,,,,,,,,,,,,,,,,,,,,,,,,,,,,,,,,,,,,,,,,,,,,,,,1.0021576881408691,1.9899673461914062,,,,,,
,,2022-01-26 16:45:03.895153,,,,,,,,,,,,,,,,,,,,,,,,,,,,,,,,,,,,,,,,,,,,,,,,,,,,,,,,,,,,,1.0984108448028564,3.8087589740753174,,,,,,
,,2022-01-26 16:45:04.555843,,,,,,,,,,,,,,,,,,,,,,,,,,,,,,,,,,,,,,,,,,,,,,,,,,,,,,,,,,,,,0.9548156261444092,3.458185911178589,,,,,,
,,2022-01-26 16:45:05.215707,,,,,,,,,,,,,,,,,,,,,,,,,,,,,,,,,,,,,,,,,,,,,,,,,,,,,,,,,,,,,0.5855029225349426,2.5364062786102295,,,,,,
,,2022-01-26 16:45:05.875416,,,,,,,,,,,,,,,,,,,,,,,,,,,,,,,,,,,,,,,,,,,,,,,,,,,,,,,,,,,,,1.1337870359420776,4.740622520446777,,,,,,
,,2022-01-26 16:45:06.534175,,,,,,,,,,,,,,,,,,,,,,,,,,,,,,,,,,,,,,,,,,,,,,,,,,,,,,,,,,,,,0.9999040365219116,2.353529930114746,,,,,,
,,2022-01-26 16:45:07.194558,,,,,,,,,,,,,,,,,,,,,,,,,,,,,,,,,,,,,,,,,,,,,,,,,,,,,,,,,,,,,1.16635262966156,2.888240337371826,,,,,,
,,2022-01-26 16:45:07.852444,,,,,,,,,,,,,,,,,,,,,,,,,,,,,,,,,,,,,,,,,,,,,,,,,,,,,,,,,,,,,0.7773498892784119,4.173126220703125,,,,,,
,,2022-01-26 16:45:08.513121,,,,,,,,,,,,,,,,,,,,,,,,,,,,,,,,,,,,,,,,,,,,,,,,,,,,,,,,,,,,,0.9329020380973816,4.460787296295166,,,,,,
,,2022-01-26 16:45:09.171912,,,,,,,,,,,,,,,,,,,,,,,,,,,,,,,,,,,,,,,,,,,,,,,,,,,,,,,,,,,,,1.0393282175064087,2.8746166229248047,,,,,,
,,2022-01-26 16:45:09.835834,,,,,,,,,,,,,,,,,,,,,,,,,,,,,,,,,,,,,,,,,,,,,,,,,,,,,,,,,,,,,1.4191633462905884,2.4535584449768066,,,,,,
,,2022-01-26 16:45:10.496799,,,,,,,,,,,,,,,,,,,,,,,,,,,,,,,,,,,,,,,,,,,,,,,,,,,,,,,,,,,,,1.3843448162078857,3.1231422424316406,,,,,,
,,2022-01-26 16:45:11.158256,,,,,,,,,,,,,,,,,,,,,,,,,,,,,,,,,,,,,,,,,,,,,,,,,,,,,,,,,,,,,1.1451938152313232,3.088102102279663,,,,,,
,,2022-01-26 16:45:11.819718,,,,,,,,,,,,,,,,,,,,,,,,,,,,,,,,,,,,,,,,,,,,,,,,,,,,,,,,,,,,,0.8829236626625061,1.9352257251739502,,,,,,
,,2022-01-26 16:45:12.478725,,,,,,,,,,,,,,,,,,,,,,,,,,,,,,,,,,,,,,,,,,,,,,,,,,,,,,,,,,,,,1.052749514579773,3.4841504096984863,,,,,,
,,2022-01-26 16:45:13.134131,,,,,,,,,,,,,,,,,,,,,,,,,,,,,,,,,,,,,,,,,,,,,,,,,,,,,,,,,,,,,0.8975183367729187,2.0619003772735596,,,,,,
,,2022-01-26 16:45:13.791499,,,,,,,,,,,,,,,,,,,,,,,,,,,,,,,,,,,,,,,,,,,,,,,,,,,,,,,,,,,,,1.0318135023117065,2.7824807167053223,,,,,,
,,2022-01-26 16:45:14.454490,,,,,,,,,,,,,,,,,,,,,,,,,,,,,,,,,,,,,,,,,,,,,,,,,,,,,,,,,,,,,0.7815060019493103,1.8034484386444092,,,,,,
,,2022-01-26 16:45:15.117522,,,,,,,,,,,,,,,,,,,,,,,,,,,,,,,,,,,,,,,,,,,,,,,,,,,,,,,,,,,,,0.8533459305763245,2.827348470687866,,,,,,
,,2022-01-26 16:45:15.775964,,,,,,,,,,,,,,,,,,,,,,,,,,,,,,,,,,,,,,,,,,,,,,,,,,,,,,,,,,,,,1.111691951751709,2.7348461151123047,,,,,,
,,2022-01-26 16:45:16.108703,0.9898669719696045,0.9898669719696045,3.0801563262939453,3.0801563262939453,2.09028959274292,0.9898669719696045,0.49976953864097595,0.0,0.0,0.1709660142660141,0.0,0.1405230462551117,-0.1709660142660141,11.0,,,,,,,,,,,,,,,,,,,,,,,,,,,,,,,,,,,,,,,,,,,,,,,,,,,,,,
,,2022-01-26 16:45:22.607929,,,,,,,,,,,,,,11.0,3.379002094268799,3.379002094268799,2.3608007431030273,1.0182013511657715,1.0182013511657715,0.5088658928871155,0.9864354133605957,0.0,-0.04193364083766937,0.0,0.0,0.015239193104207516,0.04514234513044357,,,,,,,,,,,,,,,,,,,,,,,,,,,,,,,,,,,,,,,,,
,,2022-01-26 16:46:20.285772,,,,,,,,,,,,,,,,,,,,,,,,,,,,,,,,,,,,,,,,,,,,,,,,,,,,,,,,,,,,,,,0.8697702288627625,2.7410964965820312,,,,
,,2022-01-26 16:46:20.972017,,,,,,,,,,,,,,,,,,,,,,,,,,,,,,,,,,,,,,,,,,,,,,,,,,,,,,,,,,,,,,,0.8573724627494812,2.6844167709350586,,,,
,,2022-01-26 16:46:21.641905,,,,,,,,,,,,,,,,,,,,,,,,,,,,,,,,,,,,,,,,,,,,,,,,,,,,,,,,,,,,,,,0.7660433650016785,2.5886287689208984,,,,
,,2022-01-26 16:46:22.306399,,,,,,,,,,,,,,,,,,,,,,,,,,,,,,,,,,,,,,,,,,,,,,,,,,,,,,,,,,,,,,,0.8871111273765564,2.402618885040283,,,,
,,2022-01-26 16:46:22.970802,,,,,,,,,,,,,,,,,,,,,,,,,,,,,,,,,,,,,,,,,,,,,,,,,,,,,,,,,,,,,,,1.1013600826263428,3.242764711380005,,,,
,,2022-01-26 16:46:23.642348,,,,,,,,,,,,,,,,,,,,,,,,,,,,,,,,,,,,,,,,,,,,,,,,,,,,,,,,,,,,,,,1.1223554611206055,2.670443296432495,,,,
,,2022-01-26 16:46:24.301785,,,,,,,,,,,,,,,,,,,,,,,,,,,,,,,,,,,,,,,,,,,,,,,,,,,,,,,,,,,,,,,1.0224310159683228,2.8873324394226074,,,,
,,2022-01-26 16:46:24.964530,,,,,,,,,,,,,,,,,,,,,,,,,,,,,,,,,,,,,,,,,,,,,,,,,,,,,,,,,,,,,,,0.8850629925727844,2.689183473587036,,,,
,,2022-01-26 16:46:25.620733,,,,,,,,,,,,,,,,,,,,,,,,,,,,,,,,,,,,,,,,,,,,,,,,,,,,,,,,,,,,,,,0.5385639667510986,2.183605670928955,,,,
,,2022-01-26 16:46:26.279974,,,,,,,,,,,,,,,,,,,,,,,,,,,,,,,,,,,,,,,,,,,,,,,,,,,,,,,,,,,,,,,1.1014821529388428,3.1894683837890625,,,,
,,2022-01-26 16:46:26.942189,,,,,,,,,,,,,,,,,,,,,,,,,,,,,,,,,,,,,,,,,,,,,,,,,,,,,,,,,,,,,,,1.05991792678833,3.241994857788086,,,,
,,2022-01-26 16:46:27.608410,,,,,,,,,,,,,,,,,,,,,,,,,,,,,,,,,,,,,,,,,,,,,,,,,,,,,,,,,,,,,,,1.1230955123901367,2.8337926864624023,,,,
,,2022-01-26 16:46:28.267382,,,,,,,,,,,,,,,,,,,,,,,,,,,,,,,,,,,,,,,,,,,,,,,,,,,,,,,,,,,,,,,0.7579929828643799,2.8168270587921143,,,,
,,2022-01-26 16:46:28.928951,,,,,,,,,,,,,,,,,,,,,,,,,,,,,,,,,,,,,,,,,,,,,,,,,,,,,,,,,,,,,,,0.8003028631210327,2.8588051795959473,,,,
,,2022-01-26 16:46:29.590931,,,,,,,,,,,,,,,,,,,,,,,,,,,,,,,,,,,,,,,,,,,,,,,,,,,,,,,,,,,,,,,0.9486697316169739,2.6942458152770996,,,,
,,2022-01-26 16:46:30.254639,,,,,,,,,,,,,,,,,,,,,,,,,,,,,,,,,,,,,,,,,,,,,,,,,,,,,,,,,,,,,,,1.4354220628738403,3.081136703491211,,,,
,,2022-01-26 16:46:30.917246,,,,,,,,,,,,,,,,,,,,,,,,,,,,,,,,,,,,,,,,,,,,,,,,,,,,,,,,,,,,,,,1.2870181798934937,3.1103343963623047,,,,
,,2022-01-26 16:46:31.583617,,,,,,,,,,,,,,,,,,,,,,,,,,,,,,,,,,,,,,,,,,,,,,,,,,,,,,,,,,,,,,,1.1614453792572021,2.9111766815185547,,,,
,,2022-01-26 16:46:32.246219,,,,,,,,,,,,,,,,,,,,,,,,,,,,,,,,,,,,,,,,,,,,,,,,,,,,,,,,,,,,,,,0.9180533289909363,2.605685234069824,,,,
,,2022-01-26 16:46:32.907572,,,,,,,,,,,,,,,,,,,,,,,,,,,,,,,,,,,,,,,,,,,,,,,,,,,,,,,,,,,,,,,1.0515754222869873,2.8031728267669678,,,,
,,2022-01-26 16:46:33.568071,,,,,,,,,,,,,,,,,,,,,,,,,,,,,,,,,,,,,,,,,,,,,,,,,,,,,,,,,,,,,,,0.9863009452819824,2.656140089035034,,,,
,,2022-01-26 16:46:34.223392,,,,,,,,,,,,,,,,,,,,,,,,,,,,,,,,,,,,,,,,,,,,,,,,,,,,,,,,,,,,,,,0.9504894614219666,2.4613699913024902,,,,
,,2022-01-26 16:46:34.890308,,,,,,,,,,,,,,,,,,,,,,,,,,,,,,,,,,,,,,,,,,,,,,,,,,,,,,,,,,,,,,,0.764280378818512,2.0788919925689697,,,,
,,2022-01-26 16:46:35.556764,,,,,,,,,,,,,,,,,,,,,,,,,,,,,,,,,,,,,,,,,,,,,,,,,,,,,,,,,,,,,,,0.8715684413909912,2.4204392433166504,,,,
,,2022-01-26 16:46:36.216547,,,,,,,,,,,,,,,,,,,,,,,,,,,,,,,,,,,,,,,,,,,,,,,,,,,,,,,,,,,,,,,1.0863964557647705,2.641906499862671,,,,
,,2022-01-26 16:46:36.507984,0.9741633534431458,0.9741633534431458,2.739819049835205,2.739819049835205,1.7656558752059937,0.9741633534431458,0.4973427653312683,0.0,0.0,0.14630281925201416,0.0,0.13456237316131592,-0.14630281925201416,12.0,,,,,,,,,,,,,,,,,,,,,,,,,,,,,,,,,,,,,,,,,,,,,,,,,,,,,,
,,2022-01-26 16:46:43.674571,,,,,,,,,,,,,,12.0,3.1816306114196777,3.1816306114196777,2.156212091445923,1.0254184007644653,1.0254184007644653,0.5256829857826233,1.0093164443969727,0.0,-0.014813696965575218,0.0,0.0,0.018701743334531784,0.02242428809404373,,,,,,,,,,,,,,,,,,,,,,,,,,,,,,,,,,,,,,,,,
,,2022-01-26 16:47:39.326377,,,,,,,,,,,,,,13.0,,,,,,,,,,,,,,2.5397789478302,2.5397789478302,1.871985912322998,0.6677930951118469,0.6677930951118469,0.3883015811443329,0.7758392691612244,0.0,0.020753920078277588,0.0,0.0,-0.010633774101734161,0.026615317910909653,,,,,,,,,,,,,,,,,,,,,,,,,,,,
,,2022-01-26 16:47:41.305760,,,,,,,,,,,,,,,,,,,,,,,,,,,,,,,,,,,,,,,,,,,,,,,,,,,,,,,,,,,,,,,,,0.821231484413147,3.1329689025878906,,
,,2022-01-26 16:47:41.979025,,,,,,,,,,,,,,,,,,,,,,,,,,,,,,,,,,,,,,,,,,,,,,,,,,,,,,,,,,,,,,,,,0.9020711183547974,3.1491870880126953,,
,,2022-01-26 16:47:42.650055,,,,,,,,,,,,,,,,,,,,,,,,,,,,,,,,,,,,,,,,,,,,,,,,,,,,,,,,,,,,,,,,,0.755301833152771,2.9492435455322266,,
,,2022-01-26 16:47:43.316081,,,,,,,,,,,,,,,,,,,,,,,,,,,,,,,,,,,,,,,,,,,,,,,,,,,,,,,,,,,,,,,,,0.9217830896377563,2.5577445030212402,,
,,2022-01-26 16:47:43.982417,,,,,,,,,,,,,,,,,,,,,,,,,,,,,,,,,,,,,,,,,,,,,,,,,,,,,,,,,,,,,,,,,0.9562602639198303,3.172621250152588,,
,,2022-01-26 16:47:44.651186,,,,,,,,,,,,,,,,,,,,,,,,,,,,,,,,,,,,,,,,,,,,,,,,,,,,,,,,,,,,,,,,,1.0188896656036377,2.183541774749756,,
,,2022-01-26 16:47:45.312396,,,,,,,,,,,,,,,,,,,,,,,,,,,,,,,,,,,,,,,,,,,,,,,,,,,,,,,,,,,,,,,,,0.9509108662605286,3.1769351959228516,,
,,2022-01-26 16:47:45.970687,,,,,,,,,,,,,,,,,,,,,,,,,,,,,,,,,,,,,,,,,,,,,,,,,,,,,,,,,,,,,,,,,0.8613917231559753,3.064906358718872,,
,,2022-01-26 16:47:46.633167,,,,,,,,,,,,,,,,,,,,,,,,,,,,,,,,,,,,,,,,,,,,,,,,,,,,,,,,,,,,,,,,,0.5329761505126953,2.2340245246887207,,
,,2022-01-26 16:47:47.289760,,,,,,,,,,,,,,,,,,,,,,,,,,,,,,,,,,,,,,,,,,,,,,,,,,,,,,,,,,,,,,,,,1.0230615139007568,3.7772910594940186,,
,,2022-01-26 16:47:47.955520,,,,,,,,,,,,,,,,,,,,,,,,,,,,,,,,,,,,,,,,,,,,,,,,,,,,,,,,,,,,,,,,,1.0645511150360107,2.9231619834899902,,
,,2022-01-26 16:47:48.620821,,,,,,,,,,,,,,,,,,,,,,,,,,,,,,,,,,,,,,,,,,,,,,,,,,,,,,,,,,,,,,,,,1.056631326675415,2.8022146224975586,,
,,2022-01-26 16:47:49.283769,,,,,,,,,,,,,,,,,,,,,,,,,,,,,,,,,,,,,,,,,,,,,,,,,,,,,,,,,,,,,,,,,0.722956120967865,3.412856340408325,,
,,2022-01-26 16:47:49.944868,,,,,,,,,,,,,,,,,,,,,,,,,,,,,,,,,,,,,,,,,,,,,,,,,,,,,,,,,,,,,,,,,0.7566595077514648,3.4596400260925293,,
,,2022-01-26 16:47:50.609143,,,,,,,,,,,,,,,,,,,,,,,,,,,,,,,,,,,,,,,,,,,,,,,,,,,,,,,,,,,,,,,,,0.9236977100372314,3.128059148788452,,
,,2022-01-26 16:47:51.272049,,,,,,,,,,,,,,,,,,,,,,,,,,,,,,,,,,,,,,,,,,,,,,,,,,,,,,,,,,,,,,,,,1.4031941890716553,3.1729421615600586,,
,,2022-01-26 16:47:51.934374,,,,,,,,,,,,,,,,,,,,,,,,,,,,,,,,,,,,,,,,,,,,,,,,,,,,,,,,,,,,,,,,,1.1956874132156372,3.4633121490478516,,
,,2022-01-26 16:47:52.601941,,,,,,,,,,,,,,,,,,,,,,,,,,,,,,,,,,,,,,,,,,,,,,,,,,,,,,,,,,,,,,,,,1.1024059057235718,3.310122489929199,,
,,2022-01-26 16:47:53.266944,,,,,,,,,,,,,,,,,,,,,,,,,,,,,,,,,,,,,,,,,,,,,,,,,,,,,,,,,,,,,,,,,0.871494472026825,2.2160263061523438,,
,,2022-01-26 16:47:53.928465,,,,,,,,,,,,,,,,,,,,,,,,,,,,,,,,,,,,,,,,,,,,,,,,,,,,,,,,,,,,,,,,,0.9542446136474609,3.108374834060669,,
,,2022-01-26 16:47:54.591342,,,,,,,,,,,,,,,,,,,,,,,,,,,,,,,,,,,,,,,,,,,,,,,,,,,,,,,,,,,,,,,,,0.9715829491615295,2.493281364440918,,
,,2022-01-26 16:47:55.251500,,,,,,,,,,,,,,,,,,,,,,,,,,,,,,,,,,,,,,,,,,,,,,,,,,,,,,,,,,,,,,,,,0.8908724188804626,2.6161749362945557,,
,,2022-01-26 16:47:55.917492,,,,,,,,,,,,,,,,,,,,,,,,,,,,,,,,,,,,,,,,,,,,,,,,,,,,,,,,,,,,,,,,,0.7308502793312073,2.286628007888794,,
,,2022-01-26 16:47:56.587053,,,,,,,,,,,,,,,,,,,,,,,,,,,,,,,,,,,,,,,,,,,,,,,,,,,,,,,,,,,,,,,,,0.8763498067855835,2.625694751739502,,
,,2022-01-26 16:47:57.249157,,,,,,,,,,,,,,,,,,,,,,,,,,,,,,,,,,,,,,,,,,,,,,,,,,,,,,,,,,,,,,,,,1.0328222513198853,2.7996695041656494,,
,,2022-01-26 16:47:57.546264,0.9319151043891907,0.9319151043891907,2.9286646842956543,2.9286646842956543,1.996749758720398,0.9319151043891907,0.47832930088043213,0.0,0.0,0.16020990908145905,0.0,0.2620696425437927,-0.16020990908145905,13.0,,,,,,,,,,,,,,,,,,,,,,,,,,,,,,,,,,,,,,,,,,,,,,,,,,,,,,
,,2022-01-26 16:48:04.117439,,,,,,,,,,,,,,13.0,2.8657033443450928,2.8657033443450928,1.8637410402297974,1.001962423324585,1.001962423324585,0.5078281760215759,1.1560134887695312,0.0,-0.020440325140953064,0.0,0.0,0.018856817856431007,0.022245978936553,,,,,,,,,,,,,,,,,,,,,,,,,,,,,,,,,,,,,,,,,
,,2022-01-26 16:49:01.775983,,,,,,,,,,,,,,,,,,,,,,,,,,,,,,,,,,,,,,,,,,,,,,,,,,,,,,,,,,,,,,,,,,,0.8134880065917969,3.0301337242126465
,,2022-01-26 16:49:02.451441,,,,,,,,,,,,,,,,,,,,,,,,,,,,,,,,,,,,,,,,,,,,,,,,,,,,,,,,,,,,,,,,,,,0.8801310658454895,2.9604995250701904
,,2022-01-26 16:49:03.125026,,,,,,,,,,,,,,,,,,,,,,,,,,,,,,,,,,,,,,,,,,,,,,,,,,,,,,,,,,,,,,,,,,,0.7478241324424744,2.7193684577941895
,,2022-01-26 16:49:03.795477,,,,,,,,,,,,,,,,,,,,,,,,,,,,,,,,,,,,,,,,,,,,,,,,,,,,,,,,,,,,,,,,,,,0.9546636343002319,2.705658435821533
,,2022-01-26 16:49:04.457264,,,,,,,,,,,,,,,,,,,,,,,,,,,,,,,,,,,,,,,,,,,,,,,,,,,,,,,,,,,,,,,,,,,0.9931167960166931,2.974292278289795
,,2022-01-26 16:49:05.127536,,,,,,,,,,,,,,,,,,,,,,,,,,,,,,,,,,,,,,,,,,,,,,,,,,,,,,,,,,,,,,,,,,,0.9731131196022034,2.7017033100128174
,,2022-01-26 16:49:05.790347,,,,,,,,,,,,,,,,,,,,,,,,,,,,,,,,,,,,,,,,,,,,,,,,,,,,,,,,,,,,,,,,,,,0.9602491855621338,2.983668088912964
,,2022-01-26 16:49:06.454784,,,,,,,,,,,,,,,,,,,,,,,,,,,,,,,,,,,,,,,,,,,,,,,,,,,,,,,,,,,,,,,,,,,0.8835532069206238,2.893662214279175
,,2022-01-26 16:49:07.119524,,,,,,,,,,,,,,,,,,,,,,,,,,,,,,,,,,,,,,,,,,,,,,,,,,,,,,,,,,,,,,,,,,,0.5399384498596191,2.3583643436431885
,,2022-01-26 16:49:07.782796,,,,,,,,,,,,,,,,,,,,,,,,,,,,,,,,,,,,,,,,,,,,,,,,,,,,,,,,,,,,,,,,,,,1.0638279914855957,3.4026777744293213
,,2022-01-26 16:49:08.443981,,,,,,,,,,,,,,,,,,,,,,,,,,,,,,,,,,,,,,,,,,,,,,,,,,,,,,,,,,,,,,,,,,,1.0529136657714844,3.4469408988952637
,,2022-01-26 16:49:09.108473,,,,,,,,,,,,,,,,,,,,,,,,,,,,,,,,,,,,,,,,,,,,,,,,,,,,,,,,,,,,,,,,,,,1.0615524053573608,2.8862037658691406
,,2022-01-26 16:49:09.773441,,,,,,,,,,,,,,,,,,,,,,,,,,,,,,,,,,,,,,,,,,,,,,,,,,,,,,,,,,,,,,,,,,,0.7848764657974243,2.9393773078918457
,,2022-01-26 16:49:10.435103,,,,,,,,,,,,,,,,,,,,,,,,,,,,,,,,,,,,,,,,,,,,,,,,,,,,,,,,,,,,,,,,,,,0.7755057215690613,2.9496796131134033
,,2022-01-26 16:49:11.102572,,,,,,,,,,,,,,,,,,,,,,,,,,,,,,,,,,,,,,,,,,,,,,,,,,,,,,,,,,,,,,,,,,,0.9090227484703064,3.120774030685425
,,2022-01-26 16:49:11.771360,,,,,,,,,,,,,,,,,,,,,,,,,,,,,,,,,,,,,,,,,,,,,,,,,,,,,,,,,,,,,,,,,,,1.3746076822280884,3.2977561950683594
,,2022-01-26 16:49:12.436833,,,,,,,,,,,,,,,,,,,,,,,,,,,,,,,,,,,,,,,,,,,,,,,,,,,,,,,,,,,,,,,,,,,1.1598503589630127,3.312640428543091
,,2022-01-26 16:49:13.105810,,,,,,,,,,,,,,,,,,,,,,,,,,,,,,,,,,,,,,,,,,,,,,,,,,,,,,,,,,,,,,,,,,,1.0895371437072754,3.1100871562957764
,,2022-01-26 16:49:13.772078,,,,,,,,,,,,,,,,,,,,,,,,,,,,,,,,,,,,,,,,,,,,,,,,,,,,,,,,,,,,,,,,,,,0.878294825553894,2.742738962173462
,,2022-01-26 16:49:14.437113,,,,,,,,,,,,,,,,,,,,,,,,,,,,,,,,,,,,,,,,,,,,,,,,,,,,,,,,,,,,,,,,,,,1.0213345289230347,2.901055335998535
,,2022-01-26 16:49:15.097932,,,,,,,,,,,,,,,,,,,,,,,,,,,,,,,,,,,,,,,,,,,,,,,,,,,,,,,,,,,,,,,,,,,0.8814672231674194,3.3519721031188965
,,2022-01-26 16:49:15.762913,,,,,,,,,,,,,,,,,,,,,,,,,,,,,,,,,,,,,,,,,,,,,,,,,,,,,,,,,,,,,,,,,,,0.8863095045089722,2.695983409881592
,,2022-01-26 16:49:16.436079,,,,,,,,,,,,,,,,,,,,,,,,,,,,,,,,,,,,,,,,,,,,,,,,,,,,,,,,,,,,,,,,,,,0.764492392539978,3.130891799926758
,,2022-01-26 16:49:17.108116,,,,,,,,,,,,,,,,,,,,,,,,,,,,,,,,,,,,,,,,,,,,,,,,,,,,,,,,,,,,,,,,,,,0.8437427878379822,2.8106026649475098
,,2022-01-26 16:49:17.770079,,,,,,,,,,,,,,,,,,,,,,,,,,,,,,,,,,,,,,,,,,,,,,,,,,,,,,,,,,,,,,,,,,,1.049006700515747,3.3745346069335938
,,2022-01-26 16:49:18.084367,0.9336968064308167,0.9336968064308167,2.992050886154175,2.992050886154175,2.058353900909424,0.9336968064308167,0.4806591868400574,0.0,0.0,0.23097634315490723,0.0,0.19341139495372772,-0.23097634315490723,14.0,,,,,,,,,,,,,,,,,,,,,,,,,,,,,,,,,,,,,,,,,,,,,,,,,,,,,,
,,2022-01-26 16:49:24.750910,,,,,,,,,,,,,,14.0,2.571586847305298,2.571586847305298,1.627764105796814,0.9438226222991943,0.9438226222991943,0.483887255191803,1.3510868549346924,0.0,-0.027224984019994736,0.0,0.0,0.017700213938951492,0.018956391140818596,,,,,,,,,,,,,,,,,,,,,,,,,,,,,,,,,,,,,,,,,
,,2022-01-26 16:50:20.365331,,,,,,,,,,,,,,15.0,,,,,,,,,,,,,,1.82871413230896,1.82871413230896,1.0598902702331543,0.7688238024711609,0.7688238024711609,0.40850988030433655,0.5220591425895691,0.0,-0.1233106181025505,0.0,0.0,0.017671173438429832,0.0880836471915245,,,,,,,,,,,,,,,,,,,,,,,,,,,,
